cloud,profile,weighting,sigma_bin_left_g_cm2,sigma_bin_right_g_cm2,sigma_bin_center_g_cm2,probability_density_per_ln_sigma,probability_density_normalized_to_peak,common_pixel_count,profile_censored_pixel_count,shared_display_minimum_g_cm2
C,bt12,area,0.01,0.011547819846894581,0.010746078283213174,0.11218076481657574,0.24201015531660766,602263,22,0.01
C,bt12,area,0.011547819846894581,0.01333521432163324,0.012409377607517195,0.13741364897309566,0.2964456391875738,602263,22,0.01
C,bt12,area,0.01333521432163324,0.01539926526059492,0.014330125702369627,0.16354647138485665,0.35282258064516236,602263,22,0.01
C,bt12,area,0.01539926526059492,0.01778279410038923,0.016548170999431816,0.19922094683614128,0.42978395061728264,602263,22,0.01
C,bt12,area,0.01778279410038923,0.02053525026457146,0.019109529749704406,0.23909513414521086,0.5158054559936265,602263,22,0.01
C,bt12,area,0.02053525026457146,0.023713737056616554,0.0220673406908459,0.28689570070235154,0.618926722421346,602263,22,0.01
C,bt12,area,0.023713737056616554,0.027384196342643614,0.025482967479793464,0.3343039864815656,0.7212017124651512,602263,22,0.01
C,bt12,area,0.027384196342643614,0.03162277660168379,0.029427271762092817,0.3762088036998945,0.8116039426523298,602263,22,0.01
C,bt12,area,0.03162277660168379,0.03651741272548377,0.03398208328942559,0.42167876092936313,0.9096973317403425,602263,22,0.01
C,bt12,area,0.03651741272548377,0.042169650342858224,0.03924189758484536,0.44246964215938156,0.9545499800876146,602263,22,0.01
C,bt12,area,0.042169650342858224,0.04869675251658631,0.04531583637600818,0.4489884256748965,0.9686131023496586,602263,22,0.01
C,bt12,area,0.04869675251658631,0.05623413251903491,0.05232991146814947,0.4574801507499775,0.9869324970131421,602263,22,0.01
C,bt12,area,0.05623413251903491,0.06493816315762113,0.060429639023813285,0.46353742746793514,1.0,602263,22,0.01
C,bt12,area,0.06493816315762113,0.07498942093324558,0.06978305848598663,0.45907234920155354,0.9903673835125418,602263,22,0.01
C,bt12,area,0.07498942093324558,0.08659643233600653,0.08058421877614817,0.4274245205589687,0.9220927917164476,602263,22,0.01
C,bt12,area,0.08659643233600653,0.1,0.09305720409296989,0.4049606771877988,0.8736310234966123,602263,22,0.01
C,bt12,area,0.1,0.11547819846894582,0.10746078283213176,0.33377325366437416,0.7200567502986858,602263,22,0.01
C,bt12,area,0.11547819846894582,0.1333521432163324,0.12409377607517195,0.2850958241918727,0.6150438072481083,602263,22,0.01
C,bt12,area,0.1333521432163324,0.1539926526059492,0.14330125702369628,0.23990277104093888,0.5175477897252083,602263,22,0.01
C,bt12,area,0.1539926526059492,0.1778279410038923,0.16548170999431816,0.19504431031823555,0.4207735961768213,602263,22,0.01
C,bt12,area,0.1778279410038923,0.2053525026457146,0.19109529749704407,0.15900062942890295,0.3430157307845475,602263,22,0.01
C,bt12,area,0.2053525026457146,0.23713737056616552,0.220673406908459,0.13030644429069244,0.28111310234966147,602263,22,0.01
C,bt12,area,0.23713737056616552,0.27384196342643613,0.25482967479793467,0.10627347780782417,0.22926622859418525,602263,22,0.01
C,bt12,area,0.27384196342643613,0.31622776601683794,0.2942727176209282,0.06763382118222401,0.1459080047789723,602263,22,0.01
C,bt12,area,0.31622776601683794,0.3651741272548377,0.33982083289425596,0.0401857043974218,0.08669354838709678,602263,22,0.01
C,bt12,area,0.3651741272548377,0.4216965034285822,0.3924189758484536,0.014779755191816617,0.031884707287933065,602263,22,0.01
C,bt12,area,0.4216965034285822,0.4869675251658631,0.4531583637600818,0.00223830796815958,0.004828753484667456,602263,22,0.01
C,bt12,area,0.4869675251658631,0.5623413251903491,0.5232991146814947,0.0,0.0,602263,22,0.01
C,bt12,area,0.5623413251903491,0.6493816315762113,0.6042963902381329,0.0,0.0,602263,22,0.01
C,bt12,area,0.6493816315762113,0.7498942093324559,0.6978305848598664,0.0,0.0,602263,22,0.01
C,bt12,area,0.7498942093324559,0.8659643233600653,0.8058421877614819,0.0,0.0,602263,22,0.01
C,bt12,area,0.8659643233600653,1.0,0.930572040929699,0.0,0.0,602263,22,0.01
C,conservative,area,0.01,0.011547819846894581,0.010746078283213174,0.09033995562211129,0.19479550204000456,602263,68,0.01
C,conservative,area,0.011547819846894581,0.01333521432163324,0.012409377607517195,0.1311256188563587,0.2827395760772208,602263,68,0.01
C,conservative,area,0.01333521432163324,0.01539926526059492,0.014330125702369627,0.1572699789380586,0.3391133446114051,602263,68,0.01
C,conservative,area,0.01539926526059492,0.01778279410038923,0.016548170999431816,0.19167531069605692,0.4132998308289369,602263,68,0.01
C,conservative,area,0.01778279410038923,0.02053525026457146,0.019109529749704406,0.2286535428504458,0.4930341327495258,602263,68,0.01
C,conservative,area,0.02053525026457146,0.023713737056616554,0.0220673406908459,0.27450424318790106,0.5918996915115932,602263,68,0.01
C,conservative,area,0.023713737056616554,0.027384196342643614,0.025482967479793464,0.32133564547016685,0.6928798885461219,602263,68,0.01
C,conservative,area,0.027384196342643614,0.03162277660168379,0.029427271762092817,0.3632981510381905,0.7833615285102995,602263,68,0.01
C,conservative,area,0.03162277660168379,0.03651741272548377,0.03398208328942559,0.40804123506150425,0.8798387899293462,602263,68,0.01
C,conservative,area,0.03651741272548377,0.042169650342858224,0.03924189758484536,0.44079668001823136,0.9504677082296746,602263,68,0.01
C,conservative,area,0.042169650342858224,0.04869675251658631,0.04531583637600818,0.45011911732891524,0.9705692108667499,602263,68,0.01
C,conservative,area,0.04869675251658631,0.05623413251903491,0.05232991146814947,0.45824163696594933,0.988083391382227,602263,68,0.01
C,conservative,area,0.05623413251903491,0.06493816315762113,0.060429639023813285,0.4637681808667145,1.0,602263,68,0.01
C,conservative,area,0.06493816315762113,0.07498942093324558,0.06978305848598663,0.4623028967844643,0.9968404816399611,602263,68,0.01
C,conservative,area,0.07498942093324558,0.08659643233600653,0.08058421877614817,0.43643544078130186,0.9410637874415365,602263,68,0.01
C,conservative,area,0.08659643233600653,0.1,0.09305720409296989,0.4186443537354136,0.9027017613692877,602263,68,0.01
C,conservative,area,0.1,0.11547819846894582,0.10746078283213176,0.3431649169946932,0.7399492486814607,602263,68,0.01
C,conservative,area,0.11547819846894582,0.1333521432163324,0.12409377607517195,0.2917645974165956,0.6291173251069758,602263,68,0.01
C,conservative,area,0.1333521432163324,0.1539926526059492,0.14330125702369628,0.2436294384312252,0.525325903074932,602263,68,0.01
C,conservative,area,0.1539926526059492,0.1778279410038923,0.16548170999431816,0.2024284190791744,0.43648621753408234,602263,68,0.01
C,conservative,area,0.1778279410038923,0.2053525026457146,0.19109529749704407,0.16688085799721733,0.3598367996815598,602263,68,0.01
C,conservative,area,0.2053525026457146,0.23713737056616552,0.220673406908459,0.129764173803561,0.27980396059309387,602263,68,0.01
C,conservative,area,0.23713737056616552,0.27384196342643613,0.25482967479793467,0.1156766788080822,0.24942780376156792,602263,68,0.01
C,conservative,area,0.27384196342643613,0.31622776601683794,0.2942727176209282,0.07629861130638815,0.16451885759777066,602263,68,0.01
C,conservative,area,0.31622776601683794,0.3651741272548377,0.33982083289425596,0.05016578889462819,0.10816996716091153,602263,68,0.01
C,conservative,area,0.3651741272548377,0.4216965034285822,0.3924189758484536,0.024552161630121593,0.052940591103592345,602263,68,0.01
C,conservative,area,0.4216965034285822,0.4869675251658631,0.4531583637600818,0.007834077888558529,0.01689222808239623,602263,68,0.01
C,conservative,area,0.4869675251658631,0.5623413251903491,0.5232991146814947,0.0,0.0,602263,68,0.01
C,conservative,area,0.5623413251903491,0.6493816315762113,0.6042963902381329,0.0,0.0,602263,68,0.01
C,conservative,area,0.6493816315762113,0.7498942093324559,0.6978305848598664,0.0,0.0,602263,68,0.01
C,conservative,area,0.7498942093324559,0.8659643233600653,0.8058421877614819,0.0,0.0,602263,68,0.01
C,conservative,area,0.8659643233600653,1.0,0.930572040929699,0.0,0.0,602263,68,0.01
C,moderate,area,0.01,0.011547819846894581,0.010746078283213174,0.0062764924467980255,0.012095877618179427,602263,243,0.01
C,moderate,area,0.011547819846894581,0.01333521432163324,0.012409377607517195,0.035709088461102524,0.06881753902254616,602263,243,0.01
C,moderate,area,0.01333521432163324,0.01539926526059492,0.014330125702369627,0.11018474791713447,0.21234491039267195,602263,243,0.01
C,moderate,area,0.01539926526059492,0.01778279410038923,0.016548170999431816,0.15188188707656014,0.29270245030461955,602263,243,0.01
C,moderate,area,0.01778279410038923,0.02053525026457146,0.019109529749704406,0.18526036620999134,0.35702850535865055,602263,243,0.01
C,moderate,area,0.02053525026457146,0.023713737056616554,0.0220673406908459,0.23242636092048868,0.4479254680482056,602263,243,0.01
C,moderate,area,0.023713737056616554,0.027384196342643614,0.025482967479793464,0.2757849245511256,0.5314848579179066,602263,243,0.01
C,moderate,area,0.027384196342643614,0.03162277660168379,0.029427271762092817,0.32191252896711614,0.6203806643838662,602263,243,0.01
C,moderate,area,0.03162277660168379,0.03651741272548377,0.03398208328942559,0.3844351623663779,0.7408725041134878,602263,243,0.01
C,moderate,area,0.03651741272548377,0.042169650342858224,0.03924189758484536,0.4155522581917717,0.8008404856139102,602263,243,0.01
C,moderate,area,0.042169650342858224,0.04869675251658631,0.04531583637600818,0.45648791113522497,0.8797305109618864,602263,243,0.01
C,moderate,area,0.04869675251658631,0.05623413251903491,0.05232991146814947,0.4774518574143293,0.9201316316093743,602263,243,0.01
C,moderate,area,0.05623413251903491,0.06493816315762113,0.060429639023813285,0.4919547085276107,0.9480811135322631,602263,243,0.01
C,moderate,area,0.06493816315762113,0.07498942093324558,0.06978305848598663,0.5083151245010642,0.9796104415884702,602263,243,0.01
C,moderate,area,0.07498942093324558,0.08659643233600653,0.08058421877614817,0.5188951678350985,1.0,602263,243,0.01
C,moderate,area,0.08659643233600653,0.1,0.09305720409296989,0.47566351857378797,0.9166851958909564,602263,243,0.01
C,moderate,area,0.1,0.11547819846894582,0.10746078283213176,0.42426319899569176,0.8176279628229643,602263,243,0.01
C,moderate,area,0.11547819846894582,0.1333521432163324,0.12409377607517195,0.35382572401829865,0.6818828656557121,602263,243,0.01
C,moderate,area,0.1333521432163324,0.1539926526059492,0.14330125702369628,0.28739182050972667,0.5538533374838787,602263,243,0.01
C,moderate,area,0.1539926526059492,0.1778279410038923,0.16548170999431816,0.2262998581828969,0.4361186463289894,602263,243,0.01
C,moderate,area,0.1778279410038923,0.2053525026457146,0.19109529749704407,0.1787531203644143,0.34448792635745046,602263,243,0.01
C,moderate,area,0.2053525026457146,0.23713737056616552,0.220673406908459,0.1404019054872885,0.27057855649931073,602263,243,0.01
C,moderate,area,0.23713737056616552,0.27384196342643613,0.25482967479793467,0.12154935280701636,0.23424645350647003,602263,243,0.01
C,moderate,area,0.27384196342643613,0.31622776601683794,0.2942727176209282,0.07771774470888108,0.14977542580157402,602263,243,0.01
C,moderate,area,0.31622776601683794,0.3651741272548377,0.33982083289425596,0.0507195970516986,0.097745363988082,602263,243,0.01
C,moderate,area,0.3651741272548377,0.4216965034285822,0.3924189758484536,0.029328756984853897,0.05652154578200733,602263,243,0.01
C,moderate,area,0.4216965034285822,0.4869675251658631,0.4531583637600818,0.010268526245680547,0.019789211544447873,602263,243,0.01
C,moderate,area,0.4869675251658631,0.5623413251903491,0.5232991146814947,0.0,0.0,602263,243,0.01
C,moderate,area,0.5623413251903491,0.6493816315762113,0.6042963902381329,0.0,0.0,602263,243,0.01
C,moderate,area,0.6493816315762113,0.7498942093324559,0.6978305848598664,0.0,0.0,602263,243,0.01
C,moderate,area,0.7498942093324559,0.8659643233600653,0.8058421877614819,0.0,0.0,602263,243,0.01
C,moderate,area,0.8659643233600653,1.0,0.930572040929699,0.0,0.0,602263,243,0.01
C,liberal,area,0.01,0.011547819846894581,0.010746078283213174,0.005872673998934182,0.010334186055954878,602263,1186,0.01
C,liberal,area,0.011547819846894581,0.01333521432163324,0.012409377607517195,0.01869102530112636,0.03289072968692888,602263,1186,0.01
C,liberal,area,0.01333521432163324,0.01539926526059492,0.014330125702369627,0.039331916821938366,0.0692126527794699,602263,1186,0.01
C,liberal,area,0.01539926526059492,0.01778279410038923,0.016548170999431816,0.07943685752978703,0.13978560116944774,602263,1186,0.01
C,liberal,area,0.01778279410038923,0.02053525026457146,0.019109529749704406,0.1380251454798609,0.2428838266942779,602263,1186,0.01
C,liberal,area,0.02053525026457146,0.023713737056616554,0.0220673406908459,0.1903254033131984,0.3349169610590003,602263,1186,0.01
C,liberal,area,0.023713737056616554,0.027384196342643614,0.025482967479793464,0.23881823006667563,0.42025013196897587,602263,1186,0.01
C,liberal,area,0.027384196342643614,0.03162277660168379,0.029427271762092817,0.2871610671109478,0.5053193649246762,602263,1186,0.01
C,liberal,area,0.03162277660168379,0.03651741272548377,0.03398208328942559,0.34465327641682,0.6064888130913226,602263,1186,0.01
C,liberal,area,0.03651741272548377,0.042169650342858224,0.03924189758484536,0.40493760184792216,0.7125715677914485,602263,1186,0.01
C,liberal,area,0.042169650342858224,0.04869675251658631,0.04531583637600818,0.444996391876014,0.7830633045031853,602263,1186,0.01
C,liberal,area,0.04869675251658631,0.05623413251903491,0.05232991146814947,0.47117536496753126,0.829130628984448,602263,1186,0.01
C,liberal,area,0.05623413251903491,0.06493816315762113,0.060429639023813285,0.49907345087995325,0.8782230884801234,602263,1186,0.01
C,liberal,area,0.06493816315762113,0.07498942093324558,0.06978305848598663,0.5349094537103829,0.9412839566329609,602263,1186,0.01
C,liberal,area,0.07498942093324558,0.08659643233600653,0.08058421877614817,0.5682763951738768,1.0,602263,1186,0.01
C,liberal,area,0.08659643233600653,0.1,0.09305720409296989,0.540793665379256,0.9516384456084757,602263,1186,0.01
C,liberal,area,0.1,0.11547819846894582,0.10746078283213176,0.4704600294313153,0.8278718479717384,602263,1186,0.01
C,liberal,area,0.11547819846894582,0.1333521432163324,0.12409377607517195,0.3949344420108378,0.6949689365330736,602263,1186,0.01
C,liberal,area,0.1333521432163324,0.1539926526059492,0.14330125702369628,0.3300235109342094,0.5807447110894538,602263,1186,0.01
C,liberal,area,0.1539926526059492,0.1778279410038923,0.16548170999431816,0.2652510318968492,0.4667641206805532,602263,1186,0.01
C,liberal,area,0.1778279410038923,0.2053525026457146,0.19109529749704407,0.20885490123517894,0.36752344987209107,602263,1186,0.01
C,liberal,area,0.2053525026457146,0.23713737056616552,0.220673406908459,0.15870065001049005,0.27926665854549887,602263,1186,0.01
C,liberal,area,0.23713737056616552,0.27384196342643613,0.25482967479793467,0.13413695071042925,0.23604174280261467,602263,1186,0.01
C,liberal,area,0.27384196342643613,0.31622776601683794,0.2942727176209282,0.0848595624011016,0.1493279733625693,602263,1186,0.01
C,liberal,area,0.31622776601683794,0.3651741272548377,0.33982083289425596,0.05404244599412107,0.09509887521825638,602263,1186,0.01
C,liberal,area,0.3651741272548377,0.4216965034285822,0.3924189758484536,0.03017100689039848,0.05309213464896248,602263,1186,0.01
C,liberal,area,0.4216965034285822,0.4869675251658631,0.4531583637600818,0.010799259062873025,0.019003532708003385,602263,1186,0.01
C,liberal,area,0.4869675251658631,0.5623413251903491,0.5232991146814947,0.0,0.0,602263,1186,0.01
C,liberal,area,0.5623413251903491,0.6493816315762113,0.6042963902381329,0.0,0.0,602263,1186,0.01
C,liberal,area,0.6493816315762113,0.7498942093324559,0.6978305848598664,0.0,0.0,602263,1186,0.01
C,liberal,area,0.7498942093324559,0.8659643233600653,0.8058421877614819,0.0,0.0,602263,1186,0.01
C,liberal,area,0.8659643233600653,1.0,0.930572040929699,0.0,0.0,602263,1186,0.01
C,bt12,mass,0.01,0.011547819846894581,0.010746078283213174,0.01643547180755482,0.032104750553938126,602263,22,0.01
C,bt12,mass,0.011547819846894581,0.01333521432163324,0.012409377607517195,0.023242665853826967,0.04540179911979452,602263,22,0.01
C,bt12,mass,0.01333521432163324,0.01539926526059492,0.014330125702369627,0.03195506339550925,0.0624204374088323,602263,22,0.01
C,bt12,mass,0.01539926526059492,0.01778279410038923,0.016548170999431816,0.044938953699831405,0.08778293167251078,602263,22,0.01
C,bt12,mass,0.01778279410038923,0.02053525026457146,0.019109529749704406,0.062278844669183646,0.12165435810443381,602263,22,0.01
C,bt12,mass,0.02053525026457146,0.023713737056616554,0.0220673406908459,0.08625681961839055,0.16849249658604473,602263,22,0.01
C,bt12,mass,0.023713737056616554,0.027384196342643614,0.025482967479793464,0.11606599089642701,0.22672118751179413,602263,22,0.01
C,bt12,mass,0.027384196342643614,0.03162277660168379,0.029427271762092817,0.15078554741904635,0.29454173532166456,602263,22,0.01
C,bt12,mass,0.03162277660168379,0.03651741272548377,0.03398208328942559,0.1950951965910051,0.3810953950191215,602263,22,0.01
C,bt12,mass,0.03651741272548377,0.042169650342858224,0.03924189758484536,0.2363536315596563,0.46168886860018143,602263,22,0.01
C,bt12,mass,0.042169650342858224,0.04869675251658631,0.04531583637600818,0.2768322780390631,0.5407591175835442,602263,22,0.01
C,bt12,mass,0.04869675251658631,0.05623413251903491,0.05232991146814947,0.3257929464765063,0.6363979933969938,602263,22,0.01
C,bt12,mass,0.05623413251903491,0.06493816315762113,0.060429639023813285,0.3810569253198842,0.7443496406730523,602263,22,0.01
C,bt12,mass,0.06493816315762113,0.07498942093324558,0.06978305848598663,0.4355902777144688,0.850874095583642,602263,22,0.01
C,bt12,mass,0.07498942093324558,0.08659643233600653,0.08058421877614817,0.4682004737272053,0.9145742570857104,602263,22,0.01
C,bt12,mass,0.08659643233600653,0.1,0.09305720409296989,0.5119327054088811,1.0,602263,22,0.01
C,bt12,mass,0.1,0.11547819846894582,0.10746078283213176,0.48661799267139716,0.9505507023286096,602263,22,0.01
C,bt12,mass,0.11547819846894582,0.1333521432163324,0.12409377607517195,0.48050049031678116,0.9386008849210072,602263,22,0.01
C,bt12,mass,0.1333521432163324,0.1539926526059492,0.14330125702369628,0.46653115726863426,0.911313444793521,602263,22,0.01
C,bt12,mass,0.1539926526059492,0.1778279410038923,0.16548170999431816,0.4381942185343914,0.855960586039146,602263,22,0.01
C,bt12,mass,0.1778279410038923,0.2053525026457146,0.19109529749704407,0.41203215004212557,0.8048560791071848,602263,22,0.01
C,bt12,mass,0.2053525026457146,0.23713737056616552,0.220673406908459,0.39129185607923983,0.7643423675514434,602263,22,0.01
C,bt12,mass,0.23713737056616552,0.27384196342643613,0.25482967479793467,0.3661914795170814,0.715311750251635,602263,22,0.01
C,bt12,mass,0.27384196342643613,0.31622776601683794,0.2942727176209282,0.26909122196410457,0.5256378799810829,602263,22,0.01
C,bt12,mass,0.31622776601683794,0.3651741272548377,0.33982083289425596,0.1846342308143083,0.3606611354647497,602263,22,0.01
C,bt12,mass,0.3651741272548377,0.4216965034285822,0.3924189758484536,0.0774513505004751,0.1512920539792718,602263,22,0.01
C,bt12,mass,0.4216965034285822,0.4869675251658631,0.4531583637600818,0.01336177054705013,0.026100638630575615,602263,22,0.01
C,bt12,mass,0.4869675251658631,0.5623413251903491,0.5232991146814947,0.0,0.0,602263,22,0.01
C,bt12,mass,0.5623413251903491,0.6493816315762113,0.6042963902381329,0.0,0.0,602263,22,0.01
C,bt12,mass,0.6493816315762113,0.7498942093324559,0.6978305848598664,0.0,0.0,602263,22,0.01
C,bt12,mass,0.7498942093324559,0.8659643233600653,0.8058421877614819,0.0,0.0,602263,22,0.01
C,bt12,mass,0.8659643233600653,1.0,0.930572040929699,0.0,0.0,602263,22,0.01
C,conservative,mass,0.01,0.011547819846894581,0.010746078283213174,0.012864543822018092,0.025236989379202008,602263,68,0.01
C,conservative,mass,0.011547819846894581,0.01333521432163324,0.012409377607517195,0.021360327770886645,0.041903574083015926,602263,68,0.01
C,conservative,mass,0.01333521432163324,0.01539926526059492,0.014330125702369627,0.02958086437094232,0.058030192930694696,602263,68,0.01
C,conservative,mass,0.01539926526059492,0.01778279410038923,0.016548170999431816,0.0416357586936156,0.08167885425889583,602263,68,0.01
C,conservative,mass,0.01778279410038923,0.02053525026457146,0.019109529749704406,0.05733148973868745,0.11246991868866046,602263,68,0.01
C,conservative,mass,0.02053525026457146,0.023713737056616554,0.0220673406908459,0.0794889885958582,0.1559373413244347,602263,68,0.01
C,conservative,mass,0.023713737056616554,0.027384196342643614,0.025482967479793464,0.1074561582423897,0.21080187232535866,602263,68,0.01
C,conservative,mass,0.027384196342643614,0.03162277660168379,0.029427271762092817,0.14020339889953148,0.2750436966835591,602263,68,0.01
C,conservative,mass,0.03162277660168379,0.03651741272548377,0.03398208328942559,0.18187653570666146,0.35679587737103474,602263,68,0.01
C,conservative,mass,0.03651741272548377,0.042169650342858224,0.03924189758484536,0.22667315268352692,0.4446755381277879,602263,68,0.01
C,conservative,mass,0.042169650342858224,0.04869675251658631,0.04531583637600818,0.2672907284940408,0.5243569744477014,602263,68,0.01
C,conservative,mass,0.04869675251658631,0.05623413251903491,0.05232991146814947,0.3140227056367297,0.6160333235772066,602263,68,0.01
C,conservative,mass,0.05623413251903491,0.06493816315762113,0.060429639023813285,0.36714097412857777,0.7202379651344132,602263,68,0.01
C,conservative,mass,0.06493816315762113,0.07498942093324558,0.06978305848598663,0.4223767009488967,0.8285965257178862,602263,68,0.01
C,conservative,mass,0.07498942093324558,0.08659643233600653,0.08058421877614817,0.46017709589108824,0.9027513639215528,602263,68,0.01
C,conservative,mass,0.08659643233600653,0.1,0.09305720409296989,0.5097495437637208,1.0,602263,68,0.01
C,conservative,mass,0.1,0.11547819846894582,0.10746078283213176,0.48152015435401746,0.9446210599792351,602263,68,0.01
C,conservative,mass,0.11547819846894582,0.1333521432163324,0.12409377607517195,0.47322332291062635,0.928344769897381,602263,68,0.01
C,conservative,mass,0.1333521432163324,0.1539926526059492,0.14330125702369628,0.4562962516747317,0.895138126668406,602263,68,0.01
C,conservative,mass,0.1539926526059492,0.1778279410038923,0.16548170999431816,0.43757329131626305,0.8584084020663432,602263,68,0.01
C,conservative,mass,0.1778279410038923,0.2053525026457146,0.19109529749704407,0.4165265408222157,0.8171199874879812,602263,68,0.01
C,conservative,mass,0.2053525026457146,0.23713737056616552,0.220673406908459,0.37479784802949223,0.7352588199730073,602263,68,0.01
C,conservative,mass,0.23713737056616552,0.27384196342643613,0.25482967479793467,0.38447573707662386,0.7542443966459657,602263,68,0.01
C,conservative,mass,0.27384196342643613,0.31622776601683794,0.2942727176209282,0.2926766192103035,0.5741576874190691,602263,68,0.01
C,conservative,mass,0.31622776601683794,0.3651741272548377,0.33982083289425596,0.2220282935239395,0.43556349630957997,602263,68,0.01
C,conservative,mass,0.3651741272548377,0.4216965034285822,0.3924189758484536,0.12485038708536729,0.24492496092009836,602263,68,0.01
C,conservative,mass,0.4216965034285822,0.4869675251658631,0.4531583637600818,0.045514297061276326,0.0892875680186447,602263,68,0.01
C,conservative,mass,0.4869675251658631,0.5623413251903491,0.5232991146814947,0.0,0.0,602263,68,0.01
C,conservative,mass,0.5623413251903491,0.6493816315762113,0.6042963902381329,0.0,0.0,602263,68,0.01
C,conservative,mass,0.6493816315762113,0.7498942093324559,0.6978305848598664,0.0,0.0,602263,68,0.01
C,conservative,mass,0.7498942093324559,0.8659643233600653,0.8058421877614819,0.0,0.0,602263,68,0.01
C,conservative,mass,0.8659643233600653,1.0,0.930572040929699,0.0,0.0,602263,68,0.01
C,moderate,mass,0.01,0.011547819846894581,0.010746078283213174,0.0008377838915038035,0.0015261266066230355,602263,243,0.01
C,moderate,mass,0.011547819846894581,0.01333521432163324,0.012409377607517195,0.005440782871377859,0.009911056520750649,602263,243,0.01
C,moderate,mass,0.01333521432163324,0.01539926526059492,0.014330125702369627,0.01919466849416187,0.034965454207609756,602263,243,0.01
C,moderate,mass,0.01539926526059492,0.01778279410038923,0.016548170999431816,0.03041781259063691,0.0554097943164301,602263,243,0.01
C,moderate,mass,0.01778279410038923,0.02053525026457146,0.019109529749704406,0.0428390403105476,0.07803659139682399,602263,243,0.01
C,moderate,mass,0.02053525026457146,0.023713737056616554,0.0220673406908459,0.06205917749619083,0.11304843996472135,602263,243,0.01
C,moderate,mass,0.023713737056616554,0.027384196342643614,0.025482967479793464,0.08496800812487867,0.1547796982326568,602263,243,0.01
C,moderate,mass,0.027384196342643614,0.03162277660168379,0.029427271762092817,0.11455672632830449,0.20867919494542508,602263,243,0.01
C,moderate,mass,0.03162277660168379,0.03651741272548377,0.03398208328942559,0.15788312967822288,0.2876035781809455,602263,243,0.01
C,moderate,mass,0.03651741272548377,0.042169650342858224,0.03924189758484536,0.19712124598789388,0.3590806427333216,602263,243,0.01
C,moderate,mass,0.042169650342858224,0.04869675251658631,0.04531583637600818,0.24996120377270367,0.4553351378197434,602263,243,0.01
C,moderate,mass,0.04869675251658631,0.05623413251903491,0.05232991146814947,0.3017761666841801,0.5497224784243114,602263,243,0.01
C,moderate,mass,0.05623413251903491,0.06493816315762113,0.060429639023813285,0.3589190163210823,0.6538152213064894,602263,243,0.01
C,moderate,mass,0.06493816315762113,0.07498942093324558,0.06978305848598663,0.42848463643480833,0.7805375715909074,602263,243,0.01
C,moderate,mass,0.07498942093324558,0.08659643233600653,0.08058421877614817,0.5044593078749904,0.9189347987161304,602263,243,0.01
C,moderate,mass,0.08659643233600653,0.1,0.09305720409296989,0.5336670435811551,0.9721402888579629,602263,243,0.01
C,moderate,mass,0.1,0.11547819846894582,0.10746078283213176,0.5489609367060477,1.0,602263,243,0.01
C,moderate,mass,0.11547819846894582,0.1333521432163324,0.12409377607517195,0.5287742808296373,0.9632275185233812,602263,243,0.01
C,moderate,mass,0.1333521432163324,0.1539926526059492,0.14330125702369628,0.49615478623139936,0.9038070890954405,602263,243,0.01
C,moderate,mass,0.1539926526059492,0.1778279410038923,0.16548170999431816,0.450520892064294,0.820679326961901,602263,243,0.01
C,moderate,mass,0.1778279410038923,0.2053525026457146,0.19109529749704407,0.41163677743202637,0.7498471200919814,602263,243,0.01
C,moderate,mass,0.2053525026457146,0.23713737056616552,0.220673406908459,0.37323916073192387,0.6799011291613676,602263,243,0.01
C,moderate,mass,0.23713737056616552,0.27384196342643613,0.25482967479793467,0.3723580074056131,0.6782959997844068,602263,243,0.01
C,moderate,mass,0.27384196342643613,0.31622776601683794,0.2942727176209282,0.2749043185548025,0.5007720953777183,602263,243,0.01
C,moderate,mass,0.31622776601683794,0.3651741272548377,0.33982083289425596,0.20683907507051197,0.3767828660298067,602263,243,0.01
C,moderate,mass,0.3651741272548377,0.4216965034285822,0.3924189758484536,0.13781154692921357,0.2510407165874674,602263,243,0.01
C,moderate,mass,0.4216965034285822,0.4869675251658631,0.4531583637600818,0.05492617805392072,0.10005480241180086,602263,243,0.01
C,moderate,mass,0.4869675251658631,0.5623413251903491,0.5232991146814947,0.0,0.0,602263,243,0.01
C,moderate,mass,0.5623413251903491,0.6493816315762113,0.6042963902381329,0.0,0.0,602263,243,0.01
C,moderate,mass,0.6493816315762113,0.7498942093324559,0.6978305848598664,0.0,0.0,602263,243,0.01
C,moderate,mass,0.7498942093324559,0.8659643233600653,0.8058421877614819,0.0,0.0,602263,243,0.01
C,moderate,mass,0.8659643233600653,1.0,0.930572040929699,0.0,0.0,602263,243,0.01
C,liberal,mass,0.01,0.011547819846894581,0.010746078283213174,0.0007280380944749825,0.0012850171815455024,602263,1186,0.01
C,liberal,mass,0.011547819846894581,0.01333521432163324,0.012409377607517195,0.002625900356248499,0.004634822134189475,602263,1186,0.01
C,liberal,mass,0.01333521432163324,0.01539926526059492,0.014330125702369627,0.006382182443284706,0.011264814516736416,602263,1186,0.01
C,liberal,mass,0.01539926526059492,0.01778279410038923,0.016548170999431816,0.014902562234524156,0.02630363529840364,602263,1186,0.01
C,liberal,mass,0.01778279410038923,0.02053525026457146,0.019109529749704406,0.0297583079710353,0.05252463755221379,602263,1186,0.01
C,liberal,mass,0.02053525026457146,0.023713737056616554,0.0220673406908459,0.047345824888995844,0.0835673283012459,602263,1186,0.01
C,liberal,mass,0.023713737056616554,0.027384196342643614,0.025482967479793464,0.06853135010122838,0.12096065167866667,602263,1186,0.01
C,liberal,mass,0.027384196342643614,0.03162277660168379,0.029427271762092817,0.09511199244673152,0.16787657870185238,602263,1186,0.01
C,liberal,mass,0.03162277660168379,0.03651741272548377,0.03398208328942559,0.13181452889423742,0.23265806513678478,602263,1186,0.01
C,liberal,mass,0.03651741272548377,0.042169650342858224,0.03924189758484536,0.17882603859868493,0.31563531338664824,602263,1186,0.01
C,liberal,mass,0.042169650342858224,0.04869675251658631,0.04531583637600818,0.22676850399030715,0.4002557367153374,602263,1186,0.01
C,liberal,mass,0.04869675251658631,0.05623413251903491,0.05232991146814947,0.2772413616526907,0.48934240647900606,602263,1186,0.01
C,liberal,mass,0.05623413251903491,0.06493816315762113,0.060429639023813285,0.3390056313428701,0.5983588828966668,602263,1186,0.01
C,liberal,mass,0.06493816315762113,0.07498942093324558,0.06978305848598663,0.41983704629463303,0.7410296549481679,602263,1186,0.01
C,liberal,mass,0.07498942093324558,0.08659643233600653,0.08058421877614817,0.5144511514599184,0.9080274421197602,602263,1186,0.01
C,liberal,mass,0.08659643233600653,0.1,0.09305720409296989,0.564680117052826,0.9966836323493252,602263,1186,0.01
C,liberal,mass,0.1,0.11547819846894582,0.10746078283213176,0.5665590351090591,1.0,602263,1186,0.01
C,liberal,mass,0.11547819846894582,0.1333521432163324,0.12409377607517195,0.5497355644693918,0.9703058823579983,602263,1186,0.01
C,liberal,mass,0.1333521432163324,0.1539926526059492,0.14330125702369628,0.5304081569927728,0.9361922132098246,602263,1186,0.01
C,liberal,mass,0.1539926526059492,0.1778279410038923,0.16548170999431816,0.4914551239349115,0.8674385076928645,602263,1186,0.01
C,liberal,mass,0.1778279410038923,0.2053525026457146,0.19109529749704407,0.4474709208056779,0.7898045800638278,602263,1186,0.01
C,liberal,mass,0.2053525026457146,0.23713737056616552,0.220673406908459,0.3925890757670595,0.6929358662358787,602263,1186,0.01
C,liberal,mass,0.23713737056616552,0.27384196342643613,0.25482967479793467,0.38243756859643985,0.6750180385400136,602263,1186,0.01
C,liberal,mass,0.27384196342643613,0.31622776601683794,0.2942727176209282,0.2793286559211268,0.4930265667149016,602263,1186,0.01
C,liberal,mass,0.31622776601683794,0.3651741272548377,0.33982083289425596,0.2050371819684461,0.36189905951985696,602263,1186,0.01
C,liberal,mass,0.3651741272548377,0.4216965034285822,0.3924189758484536,0.13189923957191457,0.23280758296710383,602263,1186,0.01
C,liberal,mass,0.4216965034285822,0.4869675251658631,0.4531583637600818,0.053780649492538336,0.09492505839605204,602263,1186,0.01
C,liberal,mass,0.4869675251658631,0.5623413251903491,0.5232991146814947,0.0,0.0,602263,1186,0.01
C,liberal,mass,0.5623413251903491,0.6493816315762113,0.6042963902381329,0.0,0.0,602263,1186,0.01
C,liberal,mass,0.6493816315762113,0.7498942093324559,0.6978305848598664,0.0,0.0,602263,1186,0.01
C,liberal,mass,0.7498942093324559,0.8659643233600653,0.8058421877614819,0.0,0.0,602263,1186,0.01
C,liberal,mass,0.8659643233600653,1.0,0.930572040929699,0.0,0.0,602263,1186,0.01
F,bt12,area,0.01,0.011547819846894581,0.010746078283213174,0.09239491573463675,0.18990337211595404,72424,15,0.01
F,bt12,area,0.011547819846894581,0.01333521432163324,0.012409377607517195,0.1193554259334241,0.24531650562019253,72424,15,0.01
F,bt12,area,0.01333521432163324,0.01539926526059492,0.014330125702369627,0.1378727870308131,0.28337605994872894,72424,15,0.01
F,bt12,area,0.01539926526059492,0.01778279410038923,0.016548170999431816,0.16387384846807748,0.33681719581936403,72424,15,0.01
F,bt12,area,0.01778279410038923,0.02053525026457146,0.019109529749704406,0.1986058936351993,0.4082035101557866,72424,15,0.01
F,bt12,area,0.02053525026457146,0.023713737056616554,0.0220673406908459,0.2130935699341927,0.43798067442319066,72424,15,0.01
F,bt12,area,0.023713737056616554,0.027384196342643614,0.025482967479793464,0.2374635684768687,0.48806941431670137,72424,15,0.01
F,bt12,area,0.027384196342643614,0.03162277660168379,0.029427271762092817,0.2640402991710483,0.5426937487675014,72424,15,0.01
F,bt12,area,0.03162277660168379,0.03651741272548377,0.03398208328942559,0.3151789181602085,0.6478012226385328,72424,15,0.01
F,bt12,area,0.03651741272548377,0.042169650342858224,0.03924189758484536,0.3453056092720214,0.709721948333662,72424,15,0.01
F,bt12,area,0.042169650342858224,0.04869675251658631,0.04531583637600818,0.38118899295296943,0.7834746598304059,72424,15,0.01
F,bt12,area,0.04869675251658631,0.05623413251903491,0.05232991146814947,0.4156332034916357,0.8542693748767501,72424,15,0.01
F,bt12,area,0.05623413251903491,0.06493816315762113,0.060429639023813285,0.4358775723597647,0.89587852494577,72424,15,0.01
F,bt12,area,0.06493816315762113,0.07498942093324558,0.06978305848598663,0.4543949334571516,0.9339380792743021,72424,15,0.01
F,bt12,area,0.07498942093324558,0.08659643233600653,0.08058421877614817,0.45784894899863465,0.941037270755275,72424,15,0.01
F,bt12,area,0.08659643233600653,0.1,0.09305720409296989,0.4684988302515353,0.9629264444882638,72424,15,0.01
F,bt12,area,0.1,0.11547819846894582,0.10746078283213176,0.48653646696816355,1.0,72424,15,0.01
F,bt12,area,0.11547819846894582,0.1333521432163324,0.12409377607517195,0.4773257588575456,0.9810688227174127,72424,15,0.01
F,bt12,area,0.1333521432163324,0.1539926526059492,0.14330125702369628,0.448638240888016,0.9221060934726864,72424,15,0.01
F,bt12,area,0.1539926526059492,0.1778279410038923,0.16548170999431816,0.38512273287521304,0.7915598501281785,72424,15,0.01
F,bt12,area,0.1778279410038923,0.2053525026457146,0.19109529749704407,0.278623920346193,0.5726681127982637,72424,15,0.01
F,bt12,area,0.2053525026457146,0.23713737056616552,0.220673406908459,0.15284018771056684,0.31413922303293235,72424,15,0.01
F,bt12,area,0.23713737056616552,0.27384196342643613,0.25482967479793467,0.018997085478149524,0.03904555314533616,72424,15,0.01
F,bt12,area,0.27384196342643613,0.31622776601683794,0.2942727176209282,0.0,0.0,72424,15,0.01
F,bt12,area,0.31622776601683794,0.3651741272548377,0.33982083289425596,0.0,0.0,72424,15,0.01
F,bt12,area,0.3651741272548377,0.4216965034285822,0.3924189758484536,0.0,0.0,72424,15,0.01
F,bt12,area,0.4216965034285822,0.4869675251658631,0.4531583637600818,0.0,0.0,72424,15,0.01
F,bt12,area,0.4869675251658631,0.5623413251903491,0.5232991146814947,0.0,0.0,72424,15,0.01
F,bt12,area,0.5623413251903491,0.6493816315762113,0.6042963902381329,0.0,0.0,72424,15,0.01
F,bt12,area,0.6493816315762113,0.7498942093324559,0.6978305848598664,0.0,0.0,72424,15,0.01
F,bt12,area,0.7498942093324559,0.8659643233600653,0.8058421877614819,0.0,0.0,72424,15,0.01
F,bt12,area,0.8659643233600653,1.0,0.930572040929699,0.0,0.0,72424,15,0.01
F,conservative,area,0.01,0.011547819846894581,0.010746078283213174,0.0873098372985664,0.18138329679091147,72424,20,0.01
F,conservative,area,0.011547819846894581,0.01333521432163324,0.012409377607517195,0.11791625279114006,0.24496711181981193,72424,20,0.01
F,conservative,area,0.01333521432163324,0.01539926526059492,0.014330125702369627,0.1372011728977472,0.2850308949571466,72424,20,0.01
F,conservative,area,0.01539926526059492,0.01778279410038923,0.016548170999431816,0.16099550218350936,0.3344628263902721,72424,20,0.01
F,conservative,area,0.01778279410038923,0.02053525026457146,0.019109529749704406,0.1965910512360016,0.40841140123579706,72424,20,0.01
F,conservative,area,0.02053525026457146,0.023713737056616554,0.0220673406908459,0.2133814045626495,0.4432928044648196,72424,20,0.01
F,conservative,area,0.023713737056616554,0.027384196342643614,0.025482967479793464,0.23602439533458464,0.49033286824795547,72424,20,0.01
F,conservative,area,0.027384196342643614,0.03162277660168379,0.029427271762092817,0.26192951189569835,0.5441498903727326,72424,20,0.01
F,conservative,area,0.03162277660168379,0.03651741272548377,0.03398208328942559,0.3101897846002904,0.6444090093681483,72424,20,0.01
F,conservative,area,0.03651741272548377,0.042169650342858224,0.03924189758484536,0.34127592447362604,0.7089894359178792,72424,20,0.01
F,conservative,area,0.042169650342858224,0.04869675251658631,0.04531583637600818,0.3804214339437513,0.790312936017538,72424,20,0.01
F,conservative,area,0.04869675251658631,0.05623413251903491,0.05232991146814947,0.41179540844554485,0.8554913294797688,72424,20,0.01
F,conservative,area,0.05623413251903491,0.06493816315762113,0.060429639023813285,0.43223166706597843,0.8979469802670919,72424,20,0.01
F,conservative,area,0.06493816315762113,0.07498942093324558,0.06978305848598663,0.4569854451132629,0.9493721347418749,72424,20,0.01
F,conservative,area,0.07498942093324558,0.08659643233600653,0.08058421877614817,0.45132469742028025,0.9376121187960933,72424,20,0.01
F,conservative,area,0.08659643233600653,0.1,0.09305720409296989,0.4698420585176671,0.9760813235000968,72424,20,0.01
F,conservative,area,0.1,0.11547819846894582,0.10746078283213176,0.4813554436559409,1.0,72424,20,0.01
F,conservative,area,0.11547819846894582,0.1333521432163324,0.12409377607517195,0.474639302325282,0.9860474387083915,72424,20,0.01
F,conservative,area,0.1333521432163324,0.1539926526059492,0.14330125702369628,0.45161253204873636,0.9382100857085893,72424,20,0.01
F,conservative,area,0.1539926526059492,0.1778279410038923,0.16548170999431816,0.3853146226275176,0.8004783735299968,72424,20,0.01
F,conservative,area,0.1778279410038923,0.2053525026457146,0.19109529749704407,0.2897535259798564,0.6019533585808243,72424,20,0.01
F,conservative,area,0.2053525026457146,0.23713737056616552,0.220673406908459,0.16819136789493014,0.3494119992027108,72424,20,0.01
F,conservative,area,0.23713737056616552,0.27384196342643613,0.25482967479793467,0.03242936813946737,0.06737093880805252,72424,20,0.01
F,conservative,area,0.27384196342643613,0.31622776601683794,0.2942727176209282,0.0,0.0,72424,20,0.01
F,conservative,area,0.31622776601683794,0.3651741272548377,0.33982083289425596,0.0,0.0,72424,20,0.01
F,conservative,area,0.3651741272548377,0.4216965034285822,0.3924189758484536,0.0,0.0,72424,20,0.01
F,conservative,area,0.4216965034285822,0.4869675251658631,0.4531583637600818,0.0,0.0,72424,20,0.01
F,conservative,area,0.4869675251658631,0.5623413251903491,0.5232991146814947,0.0,0.0,72424,20,0.01
F,conservative,area,0.5623413251903491,0.6493816315762113,0.6042963902381329,0.0,0.0,72424,20,0.01
F,conservative,area,0.6493816315762113,0.7498942093324559,0.6978305848598664,0.0,0.0,72424,20,0.01
F,conservative,area,0.7498942093324559,0.8659643233600653,0.8058421877614819,0.0,0.0,72424,20,0.01
F,conservative,area,0.8659643233600653,1.0,0.930572040929699,0.0,0.0,72424,20,0.01
F,moderate,area,0.01,0.011547819846894581,0.010746078283213174,0.05891015395749425,0.12429149797570889,72424,268,0.01
F,moderate,area,0.011547819846894581,0.01333521432163324,0.012409377607517195,0.11110416658432887,0.23441295546558633,72424,268,0.01
F,moderate,area,0.01333521432163324,0.01539926526059492,0.014330125702369627,0.1253999531310179,0.26457489878542595,72424,268,0.01
F,moderate,area,0.01539926526059492,0.01778279410038923,0.016548170999431816,0.15840499052739807,0.33421052631578846,72424,268,0.01
F,moderate,area,0.01778279410038923,0.02053525026457146,0.019109529749704406,0.18833979188690636,0.39736842105263037,72424,268,0.01
F,moderate,area,0.02053525026457146,0.023713737056616554,0.0220673406908459,0.20340313744281338,0.42914979757085014,72424,268,0.01
F,moderate,area,0.023713737056616554,0.027384196342643614,0.025482967479793464,0.2310352617746666,0.48744939271254917,72424,268,0.01
F,moderate,area,0.027384196342643614,0.03162277660168379,0.029427271762092817,0.25425392180351675,0.5364372469635628,72424,268,0.01
F,moderate,area,0.03162277660168379,0.03651741272548377,0.03398208328942559,0.2989642340904748,0.6307692307692307,72424,268,0.01
F,moderate,area,0.03651741272548377,0.042169650342858224,0.03924189758484536,0.32851525594537406,0.6931174089068826,72424,268,0.01
F,moderate,area,0.042169650342858224,0.04869675251658631,0.04531583637600818,0.35768249829566323,0.7546558704453419,72424,268,0.01
F,moderate,area,0.04869675251658631,0.05623413251903491,0.05232991146814947,0.39577261412811565,0.8350202429149797,72424,268,0.01
F,moderate,area,0.05623413251903491,0.06493816315762113,0.060429639023813285,0.41333052646398116,0.8720647773279352,72424,268,0.01
F,moderate,area,0.06493816315762113,0.07498942093324558,0.06978305848598663,0.4433612726996405,0.935425101214572,72424,268,0.01
F,moderate,area,0.07498942093324558,0.08659643233600653,0.08058421877614817,0.44316938294733726,0.9350202429149796,72424,268,0.01
F,moderate,area,0.08659643233600653,0.1,0.09305720409296989,0.44998146915414716,0.9493927125506044,72424,268,0.01
F,moderate,area,0.1,0.11547819846894582,0.10746078283213176,0.45660166560865517,0.9633603238866397,72424,268,0.01
F,moderate,area,0.11547819846894582,0.1333521432163324,0.12409377607517195,0.47396768819221613,1.0,72424,268,0.01
F,moderate,area,0.1333521432163324,0.1539926526059492,0.14330125702369628,0.44451261121346836,0.9378542510121441,72424,268,0.01
F,moderate,area,0.1539926526059492,0.1778279410038923,0.16548170999431816,0.4046954876102762,0.8538461538461525,72424,268,0.01
F,moderate,area,0.1778279410038923,0.2053525026457146,0.19109529749704407,0.3252531301561964,0.6862348178137642,72424,268,0.01
F,moderate,area,0.2053525026457146,0.23713737056616552,0.220673406908459,0.23122715152697182,0.4878542510121457,72424,268,0.01
F,moderate,area,0.23713737056616552,0.27384196342643613,0.25482967479793467,0.1393119601730965,0.29392712550607236,72424,268,0.01
F,moderate,area,0.27384196342643613,0.31622776601683794,0.2942727176209282,0.011513385138272438,0.024291497975708464,72424,268,0.01
F,moderate,area,0.31622776601683794,0.3651741272548377,0.33982083289425596,0.0,0.0,72424,268,0.01
F,moderate,area,0.3651741272548377,0.4216965034285822,0.3924189758484536,0.0,0.0,72424,268,0.01
F,moderate,area,0.4216965034285822,0.4869675251658631,0.4531583637600818,0.0,0.0,72424,268,0.01
F,moderate,area,0.4869675251658631,0.5623413251903491,0.5232991146814947,0.0,0.0,72424,268,0.01
F,moderate,area,0.5623413251903491,0.6493816315762113,0.6042963902381329,0.0,0.0,72424,268,0.01
F,moderate,area,0.6493816315762113,0.7498942093324559,0.6978305848598664,0.0,0.0,72424,268,0.01
F,moderate,area,0.7498942093324559,0.8659643233600653,0.8058421877614819,0.0,0.0,72424,268,0.01
F,moderate,area,0.8659643233600653,1.0,0.930572040929699,0.0,0.0,72424,268,0.01
F,liberal,area,0.01,0.011547819846894581,0.010746078283213174,0.040488737736258266,0.08916120853581266,72424,833,0.01
F,liberal,area,0.011547819846894581,0.01333521432163324,0.012409377607517195,0.10573125351980174,0.2328332981195852,72424,833,0.01
F,liberal,area,0.01333521432163324,0.01539926526059492,0.014330125702369627,0.12520806337871335,0.2757236425100368,72424,833,0.01
F,liberal,area,0.01539926526059492,0.01778279410038923,0.016548170999431816,0.15427936085285046,0.339742235368687,72424,833,0.01
F,liberal,area,0.01778279410038923,0.02053525026457146,0.019109529749704406,0.1778818003863089,0.39171772660046367,72424,833,0.01
F,liberal,area,0.02053525026457146,0.023713737056616554,0.0220673406908459,0.2020599091766816,0.44496091274033384,72424,833,0.01
F,liberal,area,0.023713737056616554,0.027384196342643614,0.025482967479793464,0.2251826243293781,0.49587999154869916,72424,833,0.01
F,liberal,area,0.027384196342643614,0.03162277660168379,0.029427271762092817,0.25281474866123266,0.5567293471371223,72424,833,0.01
F,liberal,area,0.03162277660168379,0.03651741272548377,0.03398208328942559,0.2963737224343635,0.6526515951827594,72424,833,0.01
F,liberal,area,0.03651741272548377,0.042169650342858224,0.03924189758484536,0.31498702840790394,0.6936403972110712,72424,833,0.01
F,liberal,area,0.042169650342858224,0.04869675251658631,0.04531583637600818,0.34684072729045673,0.7637861821254996,72424,833,0.01
F,liberal,area,0.04869675251658631,0.05623413251903491,0.05232991146814947,0.3859862367605841,0.8499894358757659,72424,833,0.01
F,liberal,area,0.05623413251903491,0.06493816315762113,0.060429639023813285,0.3999941886788156,0.8808366786393409,72424,833,0.01
F,liberal,area,0.06493816315762113,0.07498942093324558,0.06978305848598663,0.4263790296206887,0.9389393619268935,72424,833,0.01
F,liberal,area,0.07498942093324558,0.08659643233600653,0.08058421877614817,0.43463028896978523,0.9571096556095501,72424,833,0.01
F,liberal,area,0.08659643233600653,0.1,0.09305720409296989,0.4442247765850109,0.978237904077749,72424,833,0.01
F,liberal,area,0.1,0.11547819846894582,0.10746078283213176,0.4506530832872144,0.9923938305514474,72424,833,0.01
F,liberal,area,0.11547819846894582,0.1333521432163324,0.12409377607517195,0.4541070988286961,1.0,72424,833,0.01
F,liberal,area,0.1333521432163324,0.1539926526059492,0.14330125702369628,0.4519003666771932,0.995140502852312,72424,833,0.01
F,liberal,area,0.1539926526059492,0.1778279410038923,0.16548170999431816,0.40843733778021474,0.8994295372913572,72424,833,0.01
F,liberal,area,0.1778279410038923,0.2053525026457146,0.19109529749704407,0.33772596405599153,0.7437143460807089,72424,833,0.01
F,liberal,area,0.2053525026457146,0.23713737056616552,0.220673406908459,0.24811344972977142,0.5463765053877033,72424,833,0.01
F,liberal,area,0.23713737056616552,0.27384196342643613,0.25482967479793467,0.17423589509252288,0.38368899218254743,72424,833,0.01
F,liberal,area,0.27384196342643613,0.31622776601683794,0.2942727176209282,0.0904760182115909,0.1992393830551444,72424,833,0.01
F,liberal,area,0.31622776601683794,0.3651741272548377,0.33982083289425596,0.0,0.0,72424,833,0.01
F,liberal,area,0.3651741272548377,0.4216965034285822,0.3924189758484536,0.0,0.0,72424,833,0.01
F,liberal,area,0.4216965034285822,0.4869675251658631,0.4531583637600818,0.0,0.0,72424,833,0.01
F,liberal,area,0.4869675251658631,0.5623413251903491,0.5232991146814947,0.0,0.0,72424,833,0.01
F,liberal,area,0.5623413251903491,0.6493816315762113,0.6042963902381329,0.0,0.0,72424,833,0.01
F,liberal,area,0.6493816315762113,0.7498942093324559,0.6978305848598664,0.0,0.0,72424,833,0.01
F,liberal,area,0.7498942093324559,0.8659643233600653,0.8058421877614819,0.0,0.0,72424,833,0.01
F,liberal,area,0.8659643233600653,1.0,0.930572040929699,0.0,0.0,72424,833,0.01
F,bt12,mass,0.01,0.011547819846894581,0.010746078283213174,0.01232643171414892,0.01551517434141736,72424,15,0.01
F,bt12,mass,0.011547819846894581,0.01333521432163324,0.012409377607517195,0.018362685951337575,0.023112956005319398,72424,15,0.01
F,bt12,mass,0.01333521432163324,0.01539926526059492,0.014330125702369627,0.024518364864615977,0.030861056489231032,72424,15,0.01
F,bt12,mass,0.01539926526059492,0.01778279410038923,0.016548170999431816,0.03365641312493306,0.04236303980337738,72424,15,0.01
F,bt12,mass,0.01778279410038923,0.02053525026457146,0.019109529749704406,0.047009241869864965,0.05917013132288869,72424,15,0.01
F,bt12,mass,0.02053525026457146,0.023713737056616554,0.0220673406908459,0.05827221010777831,0.07334673326783665,72424,15,0.01
F,bt12,mass,0.023713737056616554,0.027384196342643614,0.025482967479793464,0.07489406541231697,0.09426852060323475,72424,15,0.01
F,bt12,mass,0.027384196342643614,0.03162277660168379,0.029427271762092817,0.09626487127632026,0.12116777145585579,72424,15,0.01
F,bt12,mass,0.03162277660168379,0.03651741272548377,0.03398208328942559,0.13265586333359725,0.16697280241040974,72424,15,0.01
F,bt12,mass,0.03651741272548377,0.042169650342858224,0.03924189758484536,0.16779359056494775,0.2112003596303795,72424,15,0.01
F,bt12,mass,0.042169650342858224,0.04869675251658631,0.04531583637600818,0.21406121714876222,0.26943702612547654,72424,15,0.01
F,bt12,mass,0.04869675251658631,0.05623413251903491,0.05232991146814947,0.2693385449509715,0.3390141266090263,72424,15,0.01
F,bt12,mass,0.05623413251903491,0.06493816315762113,0.060429639023813285,0.32633306725611505,0.4107526451500474,72424,15,0.01
F,bt12,mass,0.06493816315762113,0.07498942093324558,0.06978305848598663,0.39207158973001016,0.4934971620371949,72424,15,0.01
F,bt12,mass,0.07498942093324558,0.08659643233600653,0.08058421877614817,0.4565244450868935,0.574623420702657,72424,15,0.01
F,bt12,mass,0.08659643233600653,0.1,0.09305720409296989,0.5394824885938286,0.6790420016741132,72424,15,0.01
F,bt12,mass,0.1,0.11547819846894582,0.10746078283213176,0.6473552678566056,0.8148205477909182,72424,15,0.01
F,bt12,mass,0.11547819846894582,0.1333521432163324,0.12409377607517195,0.7320357465036408,0.9214071431650958,72424,15,0.01
F,bt12,mass,0.1333521432163324,0.1539926526059492,0.14330125702369628,0.7944758752238978,1.0,72424,15,0.01
F,bt12,mass,0.1539926526059492,0.1778279410038923,0.16548170999431816,0.7872724873696997,0.9909331572186907,72424,15,0.01
F,bt12,mass,0.1778279410038923,0.2053525026457146,0.19109529749704407,0.655031162282717,0.8244821305594927,72424,15,0.01
F,bt12,mass,0.2053525026457146,0.23713737056616552,0.220673406908459,0.411485091781608,0.5179327712948414,72424,15,0.01
F,bt12,mass,0.23713737056616552,0.27384196342643613,0.25482967479793467,0.05749098844741792,0.07236341623490569,72424,15,0.01
F,bt12,mass,0.27384196342643613,0.31622776601683794,0.2942727176209282,0.0,0.0,72424,15,0.01
F,bt12,mass,0.31622776601683794,0.3651741272548377,0.33982083289425596,0.0,0.0,72424,15,0.01
F,bt12,mass,0.3651741272548377,0.4216965034285822,0.3924189758484536,0.0,0.0,72424,15,0.01
F,bt12,mass,0.4216965034285822,0.4869675251658631,0.4531583637600818,0.0,0.0,72424,15,0.01
F,bt12,mass,0.4869675251658631,0.5623413251903491,0.5232991146814947,0.0,0.0,72424,15,0.01
F,bt12,mass,0.5623413251903491,0.6493816315762113,0.6042963902381329,0.0,0.0,72424,15,0.01
F,bt12,mass,0.6493816315762113,0.7498942093324559,0.6978305848598664,0.0,0.0,72424,15,0.01
F,bt12,mass,0.7498942093324559,0.8659643233600653,0.8058421877614819,0.0,0.0,72424,15,0.01
F,bt12,mass,0.8659643233600653,1.0,0.930572040929699,0.0,0.0,72424,15,0.01
F,conservative,mass,0.01,0.011547819846894581,0.010746078283213174,0.011545923653126546,0.01461500738040489,72424,20,0.01
F,conservative,mass,0.011547819846894581,0.01333521432163324,0.012409377607517195,0.01792568974453663,0.02269061322298869,72424,20,0.01
F,conservative,mass,0.01333521432163324,0.01539926526059492,0.014330125702369627,0.024106711225016793,0.030514645086493743,72424,20,0.01
F,conservative,mass,0.01539926526059492,0.01778279410038923,0.016548170999431816,0.03265942419719057,0.041340800443666566,72424,20,0.01
F,conservative,mass,0.01778279410038923,0.02053525026457146,0.019109529749704406,0.04594431274108808,0.058157016274466886,72424,20,0.01
F,conservative,mass,0.02053525026457146,0.023713737056616554,0.0220673406908459,0.057620426792688174,0.0729368206595734,72424,20,0.01
F,conservative,mass,0.023713737056616554,0.027384196342643614,0.025482967479793464,0.07354654475607116,0.09309634523022231,72424,20,0.01
F,conservative,mass,0.027384196342643614,0.03162277660168379,0.029427271762092817,0.09434817626134821,0.11942736967725838,72424,20,0.01
F,conservative,mass,0.03162277660168379,0.03651741272548377,0.03398208328942559,0.1289582140716377,0.1632372867726741,72424,20,0.01
F,conservative,mass,0.03651741272548377,0.042169650342858224,0.03924189758484536,0.16364174912184706,0.20714023780250154,72424,20,0.01
F,conservative,mass,0.042169650342858224,0.04869675251658631,0.04531583637600818,0.2108529773953846,0.26690093520403746,72424,20,0.01
F,conservative,mass,0.04869675251658631,0.05623413251903491,0.05232991146814947,0.2634333997713336,0.3334580409130473,72424,20,0.01
F,conservative,mass,0.05623413251903491,0.06493816315762113,0.060429639023813285,0.3192984884295451,0.40417292761902696,72424,20,0.01
F,conservative,mass,0.06493816315762113,0.07498942093324558,0.06978305848598663,0.3893259514547991,0.4928147651794178,72424,20,0.01
F,conservative,mass,0.07498942093324558,0.08659643233600653,0.08058421877614817,0.4442597921937715,0.5623508639753474,72424,20,0.01
F,conservative,mass,0.08659643233600653,0.1,0.09305720409296989,0.5341768446857293,0.6761692491712654,72424,20,0.01
F,conservative,mass,0.1,0.11547819846894582,0.10746078283213176,0.6326957084283084,0.8008759390788325,72424,20,0.01
F,conservative,mass,0.11547819846894582,0.1333521432163324,0.12409377607517195,0.7187268997628133,0.9097755415769259,72424,20,0.01
F,conservative,mass,0.1333521432163324,0.1539926526059492,0.14330125702369628,0.7900046406139195,1.0,72424,20,0.01
F,conservative,mass,0.1539926526059492,0.1778279410038923,0.16548170999431816,0.7779417912571034,0.9847306601294874,72424,20,0.01
F,conservative,mass,0.1778279410038923,0.2053525026457146,0.19109529749704407,0.672452221411325,0.8512003434419784,72424,20,0.01
F,conservative,mass,0.2053525026457146,0.23713737056616552,0.220673406908459,0.44789918348971003,0.5669576613393608,72424,20,0.01
F,conservative,mass,0.23713737056616552,0.27384196342643613,0.25482967479793467,0.09734663899373534,0.12322286982781065,72424,20,0.01
F,conservative,mass,0.27384196342643613,0.31622776601683794,0.2942727176209282,0.0,0.0,72424,20,0.01
F,conservative,mass,0.31622776601683794,0.3651741272548377,0.33982083289425596,0.0,0.0,72424,20,0.01
F,conservative,mass,0.3651741272548377,0.4216965034285822,0.3924189758484536,0.0,0.0,72424,20,0.01
F,conservative,mass,0.4216965034285822,0.4869675251658631,0.4531583637600818,0.0,0.0,72424,20,0.01
F,conservative,mass,0.4869675251658631,0.5623413251903491,0.5232991146814947,0.0,0.0,72424,20,0.01
F,conservative,mass,0.5623413251903491,0.6493816315762113,0.6042963902381329,0.0,0.0,72424,20,0.01
F,conservative,mass,0.6493816315762113,0.7498942093324559,0.6978305848598664,0.0,0.0,72424,20,0.01
F,conservative,mass,0.7498942093324559,0.8659643233600653,0.8058421877614819,0.0,0.0,72424,20,0.01
F,conservative,mass,0.8659643233600653,1.0,0.930572040929699,0.0,0.0,72424,20,0.01
F,moderate,mass,0.01,0.011547819846894581,0.010746078283213174,0.007391485485462559,0.009733637458043091,72424,268,0.01
F,moderate,mass,0.011547819846894581,0.01333521432163324,0.012409377607517195,0.01577280701200672,0.02077076190604812,72424,268,0.01
F,moderate,mass,0.01333521432163324,0.01539926526059492,0.014330125702369627,0.02046487964568935,0.026949619191623114,72424,268,0.01
F,moderate,mass,0.01539926526059492,0.01778279410038923,0.016548170999431816,0.029869264906734725,0.03933398723601915,72424,268,0.01
F,moderate,mass,0.01778279410038923,0.02053525026457146,0.019109529749704406,0.04104660304829297,0.05405310661058376,72424,268,0.01
F,moderate,mass,0.02053525026457146,0.023713737056616554,0.0220673406908459,0.05108809179858711,0.06727645815833624,72424,268,0.01
F,moderate,mass,0.023713737056616554,0.027384196342643614,0.025482967479793464,0.06698687964197994,0.08821312064577454,72424,268,0.01
F,moderate,mass,0.027384196342643614,0.03162277660168379,0.029427271762092817,0.08520297036585914,0.1122013735291482,72424,268,0.01
F,moderate,mass,0.03162277660168379,0.03651741272548377,0.03398208328942559,0.11570344799796567,0.15236658688876,72424,268,0.01
F,moderate,mass,0.03651741272548377,0.042169650342858224,0.03924189758484536,0.1468287248192096,0.19335458056812,72424,268,0.01
F,moderate,mass,0.042169650342858224,0.04869675251658631,0.04531583637600818,0.18463043734205473,0.24313458293898518,72424,268,0.01
F,moderate,mass,0.04869675251658631,0.05623413251903491,0.05232991146814947,0.2357167531784821,0.3104087023831568,72424,268,0.01
F,moderate,mass,0.05623413251903491,0.06493816315762113,0.060429639023813285,0.2841296446579172,0.37416226516606677,72424,268,0.01
F,moderate,mass,0.06493816315762113,0.07498942093324558,0.06978305848598663,0.3521042569077583,0.4636761028502928,72424,268,0.01
F,moderate,mass,0.07498942093324558,0.08659643233600653,0.08058421877614817,0.40641551059186803,0.5351970514191107,72424,268,0.01
F,moderate,mass,0.08659643233600653,0.1,0.09305720409296989,0.4767490432954537,0.6278172845003474,72424,268,0.01
F,moderate,mass,0.1,0.11547819846894582,0.10746078283213176,0.5582823454452295,0.7351861761045955,72424,268,0.01
F,moderate,mass,0.11547819846894582,0.1333521432163324,0.12409377607517195,0.6693752373261568,0.881481252495029,72424,268,0.01
F,moderate,mass,0.1333521432163324,0.1539926526059492,0.14330125702369628,0.7234246844694372,0.9526574354605605,72424,268,0.01
F,moderate,mass,0.1539926526059492,0.1778279410038923,0.16548170999431816,0.7593754665019739,1.0,72424,268,0.01
F,moderate,mass,0.1778279410038923,0.2053525026457146,0.19109529749704407,0.7046980338289314,0.9279968407131831,72424,268,0.01
F,moderate,mass,0.2053525026457146,0.23713737056616552,0.220673406908459,0.5779029350802889,0.7610239737430163,72424,268,0.01
F,moderate,mass,0.23713737056616552,0.27384196342643613,0.25482967479793467,0.3990071478571708,0.5254411887905437,72424,268,0.01
F,moderate,mass,0.27384196342643613,0.31622776601683794,0.2942727176209282,0.0365450592475187,0.04812515133766664,72424,268,0.01
F,moderate,mass,0.31622776601683794,0.3651741272548377,0.33982083289425596,0.0,0.0,72424,268,0.01
F,moderate,mass,0.3651741272548377,0.4216965034285822,0.3924189758484536,0.0,0.0,72424,268,0.01
F,moderate,mass,0.4216965034285822,0.4869675251658631,0.4531583637600818,0.0,0.0,72424,268,0.01
F,moderate,mass,0.4869675251658631,0.5623413251903491,0.5232991146814947,0.0,0.0,72424,268,0.01
F,moderate,mass,0.5623413251903491,0.6493816315762113,0.6042963902381329,0.0,0.0,72424,268,0.01
F,moderate,mass,0.6493816315762113,0.7498942093324559,0.6978305848598664,0.0,0.0,72424,268,0.01
F,moderate,mass,0.7498942093324559,0.8659643233600653,0.8058421877614819,0.0,0.0,72424,268,0.01
F,moderate,mass,0.8659643233600653,1.0,0.930572040929699,0.0,0.0,72424,268,0.01
F,liberal,mass,0.01,0.011547819846894581,0.010746078283213174,0.0048534683965414036,0.006652019745708091,72424,833,0.01
F,liberal,mass,0.011547819846894581,0.01333521432163324,0.012409377607517195,0.014264638639835021,0.01955069038158178,72424,833,0.01
F,liberal,mass,0.01333521432163324,0.01539926526059492,0.014330125702369627,0.01943729575303619,0.02664018070963486,72424,833,0.01
F,liberal,mass,0.01539926526059492,0.01778279410038923,0.016548170999431816,0.027761425888533472,0.03804898643434714,72424,833,0.01
F,liberal,mass,0.01778279410038923,0.02053525026457146,0.019109529749704406,0.036872299100200304,0.0505360788707249,72424,833,0.01
F,liberal,mass,0.02053525026457146,0.023713737056616554,0.0220673406908459,0.04820990041146051,0.06607505875678163,72424,833,0.01
F,liberal,mass,0.023713737056616554,0.027384196342643614,0.025482967479793464,0.06208509964066315,0.08509199503972138,72424,833,0.01
F,liberal,mass,0.027384196342643614,0.03162277660168379,0.029427271762092817,0.0805686035689171,0.11042493698042398,72424,833,0.01
F,liberal,mass,0.03162277660168379,0.03651741272548377,0.03398208328942559,0.10919440527018291,0.14965861125122748,72424,833,0.01
F,liberal,mass,0.03651741272548377,0.042169650342858224,0.03924189758484536,0.13395203051068844,0.18359067766254708,72424,833,0.01
F,liberal,mass,0.042169650342858224,0.04869675251658631,0.04531583637600818,0.17027415653862799,0.23337270564816817,72424,833,0.01
F,liberal,mass,0.04869675251658631,0.05623413251903491,0.05232991146814947,0.21874237400953167,0.2998018061004296,72424,833,0.01
F,liberal,mass,0.05623413251903491,0.06493816315762113,0.060429639023813285,0.2614651486149464,0.3583563730713759,72424,833,0.01
F,liberal,mass,0.06493816315762113,0.07498942093324558,0.06978305848598663,0.32211983383841647,0.4414878845619524,72424,833,0.01
F,liberal,mass,0.07498942093324558,0.08659643233600653,0.08058421877614817,0.37889277916733816,0.5192991985532233,72424,833,0.01
F,liberal,mass,0.08659643233600653,0.1,0.09305720409296989,0.4475668513422197,0.6134218438044062,72424,833,0.01
F,liberal,mass,0.1,0.11547819846894582,0.10746078283213176,0.5242857650998867,0.7185705101785282,72424,833,0.01
F,liberal,mass,0.11547819846894582,0.1333521432163324,0.12409377607517195,0.6108500165311459,0.8372129041835067,72424,833,0.01
F,liberal,mass,0.1333521432163324,0.1539926526059492,0.14330125702369628,0.7005556177371445,0.9601607389624753,72424,833,0.01
F,liberal,mass,0.1539926526059492,0.1778279410038923,0.16548170999431816,0.7296232696351932,1.0,72424,833,0.01
F,liberal,mass,0.1778279410038923,0.2053525026457146,0.19109529749704407,0.6961324736427574,0.9540985089343698,72424,833,0.01
F,liberal,mass,0.2053525026457146,0.23713737056616552,0.220673406908459,0.590430303417301,0.8092262513947948,72424,833,0.01
F,liberal,mass,0.23713737056616552,0.27384196342643613,0.25482967479793467,0.47844028418137796,0.6557360546088324,72424,833,0.01
F,liberal,mass,0.27384196342643613,0.31622776601683794,0.2942727176209282,0.2821336695160835,0.38668403442936855,72424,833,0.01
F,liberal,mass,0.31622776601683794,0.3651741272548377,0.33982083289425596,0.0,0.0,72424,833,0.01
F,liberal,mass,0.3651741272548377,0.4216965034285822,0.3924189758484536,0.0,0.0,72424,833,0.01
F,liberal,mass,0.4216965034285822,0.4869675251658631,0.4531583637600818,0.0,0.0,72424,833,0.01
F,liberal,mass,0.4869675251658631,0.5623413251903491,0.5232991146814947,0.0,0.0,72424,833,0.01
F,liberal,mass,0.5623413251903491,0.6493816315762113,0.6042963902381329,0.0,0.0,72424,833,0.01
F,liberal,mass,0.6493816315762113,0.7498942093324559,0.6978305848598664,0.0,0.0,72424,833,0.01
F,liberal,mass,0.7498942093324559,0.8659643233600653,0.8058421877614819,0.0,0.0,72424,833,0.01
F,liberal,mass,0.8659643233600653,1.0,0.930572040929699,0.0,0.0,72424,833,0.01
H,bt12,area,0.01,0.011547819846894581,0.010746078283213174,0.19345633367406806,0.26004573668735786,171548,25,0.01
H,bt12,area,0.011547819846894581,0.01333521432163324,0.012409377607517195,0.2300331907317893,0.3092126755962094,171548,25,0.01
H,bt12,area,0.01333521432163324,0.01539926526059492,0.014330125702369627,0.27936941653057945,0.3755308722639672,171548,25,0.01
H,bt12,area,0.01539926526059492,0.01778279410038923,0.016548170999431816,0.3402093271625812,0.45731242513339726,171548,25,0.01
H,bt12,area,0.01778279410038923,0.02053525026457146,0.019109529749704406,0.40615298529101096,0.5459544811063906,171548,25,0.01
H,bt12,area,0.02053525026457146,0.023713737056616554,0.0220673406908459,0.5019090097477743,0.6746705869541545,171548,25,0.01
H,bt12,area,0.023713737056616554,0.027384196342643614,0.025482967479793464,0.5978675638670911,0.8036589349885633,171548,25,0.01
H,bt12,area,0.027384196342643614,0.03162277660168379,0.029427271762092817,0.6668896728663833,0.896439072198628,171548,25,0.01
H,bt12,area,0.03162277660168379,0.03651741272548377,0.03398208328942559,0.734939639485402,0.9879124469127736,171548,25,0.01
H,bt12,area,0.03651741272548377,0.042169650342858224,0.03924189758484536,0.7439319565029152,1.0,171548,25,0.01
H,bt12,area,0.042169650342858224,0.04869675251658631,0.04531583637600818,0.6689149694919473,0.8991614940651176,171548,25,0.01
H,bt12,area,0.04869675251658631,0.05623413251903491,0.05232991146814947,0.5347998269469666,0.7188827180659915,171548,25,0.01
H,bt12,area,0.05623413251903491,0.06493816315762113,0.060429639023813285,0.35438640354154444,0.47636937819884567,171548,25,0.01
H,bt12,area,0.06493816315762113,0.07498942093324558,0.06978305848598663,0.21727382199072334,0.29206141783730716,171548,25,0.01
H,bt12,area,0.07498942093324558,0.08659643233600653,0.08058421877614817,0.12188235092656385,0.16383534792551452,171548,25,0.01
H,bt12,area,0.08659643233600653,0.1,0.09305720409296989,0.07623216498630524,0.1024719590547748,171548,25,0.01
H,bt12,area,0.1,0.11547819846894582,0.10746078283213176,0.060799404699492306,0.08172710443210279,171548,25,0.01
H,bt12,area,0.11547819846894582,0.1333521432163324,0.12409377607517195,0.05569565720306591,0.07486660132854188,171548,25,0.01
H,bt12,area,0.1333521432163324,0.1539926526059492,0.14330125702369628,0.051847593614490366,0.06969399978220615,171548,25,0.01
H,bt12,area,0.1539926526059492,0.1778279410038923,0.16548170999431816,0.04180212235168286,0.05619078732440371,171548,25,0.01
H,bt12,area,0.1778279410038923,0.2053525026457146,0.19109529749704407,0.03884518927835645,0.05221605139932476,171548,25,0.01
H,bt12,area,0.2053525026457146,0.23713737056616552,0.220673406908459,0.02665290359244899,0.0358270717630404,171548,25,0.01
H,bt12,area,0.23713737056616552,0.27384196342643613,0.25482967479793467,0.004820205968847151,0.006479364042251978,171548,25,0.01
H,bt12,area,0.27384196342643613,0.31622776601683794,0.2942727176209282,0.0,0.0,171548,25,0.01
H,bt12,area,0.31622776601683794,0.3651741272548377,0.33982083289425596,0.0,0.0,171548,25,0.01
H,bt12,area,0.3651741272548377,0.4216965034285822,0.3924189758484536,0.0,0.0,171548,25,0.01
H,bt12,area,0.4216965034285822,0.4869675251658631,0.4531583637600818,0.0,0.0,171548,25,0.01
H,bt12,area,0.4869675251658631,0.5623413251903491,0.5232991146814947,0.0,0.0,171548,25,0.01
H,bt12,area,0.5623413251903491,0.6493816315762113,0.6042963902381329,0.0,0.0,171548,25,0.01
H,bt12,area,0.6493816315762113,0.7498942093324559,0.6978305848598664,0.0,0.0,171548,25,0.01
H,bt12,area,0.7498942093324559,0.8659643233600653,0.8058421877614819,0.0,0.0,171548,25,0.01
H,bt12,area,0.8659643233600653,1.0,0.930572040929699,0.0,0.0,171548,25,0.01
H,conservative,area,0.01,0.011547819846894581,0.010746078283213174,0.1693553038298322,0.22772331154684164,171548,54,0.01
H,conservative,area,0.011547819846894581,0.01333521432163324,0.012409377607517195,0.22424084238267047,0.30152505446623,171548,54,0.01
H,conservative,area,0.01333521432163324,0.01539926526059492,0.014330125702369627,0.2704581113780889,0.3636710239651427,171548,54,0.01
H,conservative,area,0.01539926526059492,0.01778279410038923,0.016548170999431816,0.33312078897310005,0.44793028322439943,171548,54,0.01
H,conservative,area,0.01778279410038923,0.02053525026457146,0.019109529749704406,0.395540430973045,0.5318627450980375,171548,54,0.01
H,conservative,area,0.02053525026457146,0.023713737056616554,0.0220673406908459,0.4841269053753045,0.6509803921568627,171548,54,0.01
H,conservative,area,0.023713737056616554,0.027384196342643614,0.025482967479793464,0.5848246535984458,0.7863834422657927,171548,54,0.01
H,conservative,area,0.027384196342643614,0.03162277660168379,0.029427271762092817,0.6570467312661324,0.8834967320261438,171548,54,0.01
H,conservative,area,0.03162277660168379,0.03651741272548377,0.03398208328942559,0.7259068165353775,0.9760893246187363,171548,54,0.01
H,conservative,area,0.03651741272548377,0.042169650342858224,0.03924189758484536,0.7436889209078473,1.0,171548,54,0.01
H,conservative,area,0.042169650342858224,0.04869675251658631,0.04531583637600818,0.6825654687482623,0.9178104575163369,171548,54,0.01
H,conservative,area,0.04869675251658631,0.05623413251903491,0.05232991146814947,0.557199607625727,0.7492374727668845,171548,54,0.01
H,conservative,area,0.05623413251903491,0.06493816315762113,0.060429639023813285,0.3843202876674104,0.5167755991285402,171548,54,0.01
H,conservative,area,0.06493816315762113,0.07498942093324558,0.06978305848598663,0.2339622661853874,0.31459694989106657,171548,54,0.01
H,conservative,area,0.07498942093324558,0.08659643233600653,0.08058421877614817,0.13225186964946195,0.17783224400871459,171548,54,0.01
H,conservative,area,0.08659643233600653,0.1,0.09305720409296989,0.08040427603497126,0.10811546840958572,171548,54,0.01
H,conservative,area,0.1,0.11547819846894582,0.10746078283213176,0.061082946227071555,0.08213507625272332,171548,54,0.01
H,conservative,area,0.11547819846894582,0.1333521432163324,0.12409377607517195,0.05642476398826968,0.0758714596949891,171548,54,0.01
H,conservative,area,0.1333521432163324,0.1539926526059492,0.14330125702369628,0.05217164107458093,0.07015250544662298,171548,54,0.01
H,conservative,area,0.1539926526059492,0.1778279410038923,0.16548170999431816,0.04338185371962436,0.05833333333333324,171548,54,0.01
H,conservative,area,0.1778279410038923,0.2053525026457146,0.19109529749704407,0.03787304689808476,0.05092592592592585,171548,54,0.01
H,conservative,area,0.2053525026457146,0.23713737056616552,0.220673406908459,0.030014895990888607,0.040359477124183,171548,54,0.01
H,conservative,area,0.23713737056616552,0.27384196342643613,0.25482967479793467,0.00874928142244525,0.011764705882352924,171548,54,0.01
H,conservative,area,0.27384196342643613,0.31622776601683794,0.2942727176209282,0.0,0.0,171548,54,0.01
H,conservative,area,0.31622776601683794,0.3651741272548377,0.33982083289425596,0.0,0.0,171548,54,0.01
H,conservative,area,0.3651741272548377,0.4216965034285822,0.3924189758484536,0.0,0.0,171548,54,0.01
H,conservative,area,0.4216965034285822,0.4869675251658631,0.4531583637600818,0.0,0.0,171548,54,0.01
H,conservative,area,0.4869675251658631,0.5623413251903491,0.5232991146814947,0.0,0.0,171548,54,0.01
H,conservative,area,0.5623413251903491,0.6493816315762113,0.6042963902381329,0.0,0.0,171548,54,0.01
H,conservative,area,0.6493816315762113,0.7498942093324559,0.6978305848598664,0.0,0.0,171548,54,0.01
H,conservative,area,0.7498942093324559,0.8659643233600653,0.8058421877614819,0.0,0.0,171548,54,0.01
H,conservative,area,0.8659643233600653,1.0,0.930572040929699,0.0,0.0,171548,54,0.01
H,moderate,area,0.01,0.011547819846894581,0.010746078283213174,0.101143313480768,0.13710740171315658,171548,112,0.01
H,moderate,area,0.011547819846894581,0.01333521432163324,0.012409377607517195,0.21338525246963658,0.28925982868438305,171548,112,0.01
H,moderate,area,0.01333521432163324,0.01539926526059492,0.014330125702369627,0.2529595485331983,0.34290577641115855,171548,112,0.01
H,moderate,area,0.01539926526059492,0.01778279410038923,0.016548170999431816,0.31100454982191905,0.42159016033384455,171548,112,0.01
H,moderate,area,0.01778279410038923,0.02053525026457146,0.019109529749704406,0.3662951476998716,0.49654074236766815,171548,112,0.01
H,moderate,area,0.02053525026457146,0.023713737056616554,0.0220673406908459,0.44929180341556874,0.6090489786953657,171548,112,0.01
H,moderate,area,0.023713737056616554,0.027384196342643614,0.025482967479793464,0.5431035431117857,0.7362178783219832,171548,112,0.01
H,moderate,area,0.027384196342643614,0.03162277660168379,0.029427271762092817,0.6256141276373476,0.8480672084339996,171548,112,0.01
H,moderate,area,0.03162277660168379,0.03651741272548377,0.03398208328942559,0.6939476357839455,0.9406984405886228,171548,112,0.01
H,moderate,area,0.03651741272548377,0.042169650342858224,0.03924189758484536,0.7376940428961718,1.0,171548,112,0.01
H,moderate,area,0.042169650342858224,0.04869675251658631,0.04531583637600818,0.7131879537268206,0.9667801449593645,171548,112,0.01
H,moderate,area,0.04869675251658631,0.05623413251903491,0.05232991146814947,0.6184040716503325,0.8382934329013838,171548,112,0.01
H,moderate,area,0.05623413251903491,0.06493816315762113,0.060429639023813285,0.46140307723645363,0.6254667252361081,171548,112,0.01
H,moderate,area,0.06493816315762113,0.07498942093324558,0.06978305848598663,0.28661997845010406,0.3885350318471325,171548,112,0.01
H,moderate,area,0.07498942093324558,0.08659643233600653,0.08058421877614817,0.16494015718609772,0.22358884252141448,171548,112,0.01
H,moderate,area,0.08659643233600653,0.1,0.09305720409296989,0.0929206091809693,0.12596090489786915,171548,112,0.01
H,moderate,area,0.1,0.11547819846894582,0.10746078283213176,0.06833350814659794,0.09263123215462332,171548,112,0.01
H,moderate,area,0.11547819846894582,0.1333521432163324,0.12409377607517195,0.056870329245894205,0.07709202723479025,171548,112,0.01
H,moderate,area,0.1333521432163324,0.1539926526059492,0.14330125702369628,0.05261720633220546,0.07132659784757292,171548,112,0.01
H,moderate,area,0.1539926526059492,0.1778279410038923,0.16548170999431816,0.04532613848016775,0.06144300461234342,171548,112,0.01
H,moderate,area,0.1778279410038923,0.2053525026457146,0.19109529749704407,0.03645533926018854,0.04941796617614753,171548,112,0.01
H,moderate,area,0.2053525026457146,0.23713737056616552,0.220673406908459,0.0345110544996452,0.046782341313419726,171548,112,0.01
H,moderate,area,0.23713737056616552,0.27384196342643613,0.25482967479793467,0.021306120500954633,0.028882055787392884,171548,112,0.01
H,moderate,area,0.27384196342643613,0.31622776601683794,0.2942727176209282,0.0013772017053849004,0.00186690094443224,171548,112,0.01
H,moderate,area,0.31622776601683794,0.3651741272548377,0.33982083289425596,0.0,0.0,171548,112,0.01
H,moderate,area,0.3651741272548377,0.4216965034285822,0.3924189758484536,0.0,0.0,171548,112,0.01
H,moderate,area,0.4216965034285822,0.4869675251658631,0.4531583637600818,0.0,0.0,171548,112,0.01
H,moderate,area,0.4869675251658631,0.5623413251903491,0.5232991146814947,0.0,0.0,171548,112,0.01
H,moderate,area,0.5623413251903491,0.6493816315762113,0.6042963902381329,0.0,0.0,171548,112,0.01
H,moderate,area,0.6493816315762113,0.7498942093324559,0.6978305848598664,0.0,0.0,171548,112,0.01
H,moderate,area,0.7498942093324559,0.8659643233600653,0.8058421877614819,0.0,0.0,171548,112,0.01
H,moderate,area,0.8659643233600653,1.0,0.930572040929699,0.0,0.0,171548,112,0.01
H,liberal,area,0.01,0.011547819846894581,0.010746078283213174,0.013691005188826424,0.01901547116737002,171548,616,0.01
H,liberal,area,0.011547819846894581,0.01333521432163324,0.012409377607517195,0.12925443064362382,0.17952180028129397,171548,616,0.01
H,liberal,area,0.01333521432163324,0.01539926526059492,0.014330125702369627,0.2208383440517209,0.30672292545710456,171548,616,0.01
H,liberal,area,0.01539926526059492,0.01778279410038923,0.016548170999431816,0.2646657630289684,0.3675949367088608,171548,616,0.01
H,liberal,area,0.01778279410038923,0.02053525026457146,0.019109529749704406,0.31712094563112847,0.4404500703234881,171548,616,0.01
H,liberal,area,0.02053525026457146,0.023713737056616554,0.0220673406908459,0.3736672274169331,0.5189873417721536,171548,616,0.01
H,liberal,area,0.023713737056616554,0.027384196342643614,0.025482967479793464,0.4503449576608617,0.6254852320675106,171548,616,0.01
H,liberal,area,0.027384196342643614,0.03162277660168379,0.029427271762092817,0.5422124125965383,0.7530801687763736,171548,616,0.01
H,liberal,area,0.03162277660168379,0.03651741272548377,0.03398208328942559,0.6190926725030249,0.8598593530239126,171548,616,0.01
H,liberal,area,0.03651741272548377,0.042169650342858224,0.03924189758484536,0.6760035076814305,0.9389029535865008,171548,616,0.01
H,liberal,area,0.042169650342858224,0.04869675251658631,0.04531583637600818,0.7199929503887225,1.0,171548,616,0.01
H,liberal,area,0.04869675251658631,0.05623413251903491,0.05232991146814947,0.6981602527651228,0.9696765119549959,171548,616,0.01
H,liberal,area,0.05623413251903491,0.06493816315762113,0.060429639023813285,0.6069408927496287,0.8429817158931109,171548,616,0.01
H,liberal,area,0.06493816315762113,0.07498942093324558,0.06978305848598663,0.464035962849688,0.6445007032348804,171548,616,0.01
H,liberal,area,0.07498942093324558,0.08659643233600653,0.08058421877614817,0.28629593099001444,0.39763713080168905,171548,616,0.01
H,liberal,area,0.08659643233600653,0.1,0.09305720409296989,0.158216172389218,0.219746835443038,171548,616,0.01
H,liberal,area,0.1,0.11547819846894582,0.10746078283213176,0.09506742360406958,0.1320393811533056,171548,616,0.01
H,liberal,area,0.11547819846894582,0.1333521432163324,0.12409377607517195,0.06695630644121305,0.09299578059071759,171548,616,0.01
H,liberal,area,0.1333521432163324,0.1539926526059492,0.14330125702369628,0.055452621607997896,0.07701828410689182,171548,616,0.01
H,liberal,area,0.1539926526059492,0.1778279410038923,0.16548170999431816,0.0485666130810734,0.06745428973277086,171548,616,0.01
H,liberal,area,0.1778279410038923,0.2053525026457146,0.19109529749704407,0.04143756895908097,0.057552742616033846,171548,616,0.01
H,liberal,area,0.2053525026457146,0.23713737056616552,0.220673406908459,0.03305284092923766,0.04590717299578074,171548,616,0.01
H,liberal,area,0.23713737056616552,0.27384196342643613,0.25482967479793467,0.028151623095367815,0.03909985935302397,171548,616,0.01
H,liberal,area,0.27384196342643613,0.31622776601683794,0.2942727176209282,0.02304787559894142,0.03201125175808725,171548,616,0.01
H,liberal,area,0.31622776601683794,0.3651741272548377,0.33982083289425596,0.01599984334197166,0.02222222222222229,171548,616,0.01
H,liberal,area,0.3651741272548377,0.4216965034285822,0.3924189758484536,0.0004455652576245269,0.0006188466947960633,171548,616,0.01
H,liberal,area,0.4216965034285822,0.4869675251658631,0.4531583637600818,0.0,0.0,171548,616,0.01
H,liberal,area,0.4869675251658631,0.5623413251903491,0.5232991146814947,0.0,0.0,171548,616,0.01
H,liberal,area,0.5623413251903491,0.6493816315762113,0.6042963902381329,0.0,0.0,171548,616,0.01
H,liberal,area,0.6493816315762113,0.7498942093324559,0.6978305848598664,0.0,0.0,171548,616,0.01
H,liberal,area,0.7498942093324559,0.8659643233600653,0.8058421877614819,0.0,0.0,171548,616,0.01
H,liberal,area,0.8659643233600653,1.0,0.930572040929699,0.0,0.0,171548,616,0.01
H,bt12,mass,0.01,0.011547819846894581,0.010746078283213174,0.05242114002298392,0.06882015857560879,171548,25,0.01
H,bt12,mass,0.011547819846894581,0.01333521432163324,0.012409377607517195,0.0719831987607672,0.09450185843580551,171548,25,0.01
H,bt12,mass,0.01333521432163324,0.01539926526059492,0.014330125702369627,0.10107122457926916,0.13268955425094814,171548,25,0.01
H,bt12,mass,0.01539926526059492,0.01778279410038923,0.016548170999431816,0.14202571711996387,0.18645592922483148,171548,25,0.01
H,bt12,mass,0.01778279410038923,0.02053525026457146,0.019109529749704406,0.19593993006872756,0.2572362419571805,171548,25,0.01
H,bt12,mass,0.02053525026457146,0.023713737056616554,0.0220673406908459,0.27948668624720713,0.3669191104747241,171548,25,0.01
H,bt12,mass,0.023713737056616554,0.027384196342643614,0.025482967479793464,0.38432562276064064,0.5045550381288969,171548,25,0.01
H,bt12,mass,0.027384196342643614,0.03162277660168379,0.029427271762092817,0.4948101451853256,0.6496026725390501,171548,25,0.01
H,bt12,mass,0.03162277660168379,0.03651741272548377,0.03398208328942559,0.6292356350982519,0.8260807790501891,171548,25,0.01
H,bt12,mass,0.03651741272548377,0.042169650342858224,0.03924189758484536,0.7346418190966962,0.9644614074463326,171548,25,0.01
H,bt12,mass,0.042169650342858224,0.04869675251658631,0.04531583637600818,0.7617119911950188,1.0,171548,25,0.01
H,bt12,mass,0.04869675251658631,0.05623413251903491,0.05232991146814947,0.7020558849340992,0.9216815450583526,171548,25,0.01
H,bt12,mass,0.05623413251903491,0.06493816315762113,0.060429639023813285,0.535863525927013,0.7034988711236102,171548,25,0.01
H,bt12,mass,0.06493816315762113,0.07498942093324558,0.06978305848598663,0.37895246009058,0.4975009773655486,171548,25,0.01
H,bt12,mass,0.07498942093324558,0.08659643233600653,0.08058421877614817,0.24545661103966507,0.32224333327689675,171548,25,0.01
H,bt12,mass,0.08659643233600653,0.1,0.09305720409296989,0.17796421253335146,0.23363714184694753,171548,25,0.01
H,bt12,mass,0.1,0.11547819846894582,0.10746078283213176,0.16417439609299156,0.2155334273199836,171548,25,0.01
H,bt12,mass,0.11547819846894582,0.1333521432163324,0.12409377607517195,0.17377587904608796,0.22813856294090645,171548,25,0.01
H,bt12,mass,0.1333521432163324,0.1539926526059492,0.14330125702369628,0.18667048568649278,0.24506701725101254,171548,25,0.01
H,bt12,mass,0.1539926526059492,0.1778279410038923,0.16548170999431816,0.1734409893954271,0.22769890903689546,171548,25,0.01
H,bt12,mass,0.1778279410038923,0.2053525026457146,0.19109529749704407,0.1866436614192781,0.24503180149029885,171548,25,0.01
H,bt12,mass,0.2053525026457146,0.23713737056616552,0.220673406908459,0.14629049269297345,0.19205486375954814,171548,25,0.01
H,bt12,mass,0.23713737056616552,0.27384196342643613,0.25482967479793467,0.029770001459218823,0.03908301536977761,171548,25,0.01
H,bt12,mass,0.27384196342643613,0.31622776601683794,0.2942727176209282,0.0,0.0,171548,25,0.01
H,bt12,mass,0.31622776601683794,0.3651741272548377,0.33982083289425596,0.0,0.0,171548,25,0.01
H,bt12,mass,0.3651741272548377,0.4216965034285822,0.3924189758484536,0.0,0.0,171548,25,0.01
H,bt12,mass,0.4216965034285822,0.4869675251658631,0.4531583637600818,0.0,0.0,171548,25,0.01
H,bt12,mass,0.4869675251658631,0.5623413251903491,0.5232991146814947,0.0,0.0,171548,25,0.01
H,bt12,mass,0.5623413251903491,0.6493816315762113,0.6042963902381329,0.0,0.0,171548,25,0.01
H,bt12,mass,0.6493816315762113,0.7498942093324559,0.6978305848598664,0.0,0.0,171548,25,0.01
H,bt12,mass,0.7498942093324559,0.8659643233600653,0.8058421877614819,0.0,0.0,171548,25,0.01
H,bt12,mass,0.8659643233600653,1.0,0.930572040929699,0.0,0.0,171548,25,0.01
H,conservative,mass,0.01,0.011547819846894581,0.010746078283213174,0.045313536033248364,0.059551010117132444,171548,54,0.01
H,conservative,mass,0.011547819846894581,0.01333521432163324,0.012409377607517195,0.06875302186153454,0.09035516225119818,171548,54,0.01
H,conservative,mass,0.01333521432163324,0.01539926526059492,0.014330125702369627,0.09580717053505353,0.1259097011904018,171548,54,0.01
H,conservative,mass,0.01539926526059492,0.01778279410038923,0.016548170999431816,0.13617168874280053,0.178956716333934,171548,54,0.01
H,conservative,mass,0.01778279410038923,0.02053525026457146,0.019109529749704406,0.18687415300459848,0.24558985129833918,171548,54,0.01
H,conservative,mass,0.02053525026457146,0.023713737056616554,0.0220673406908459,0.2638924032913299,0.3468071696436493,171548,54,0.01
H,conservative,mass,0.023713737056616554,0.027384196342643614,0.025482967479793464,0.36794312374220267,0.48355053704976725,171548,54,0.01
H,conservative,mass,0.027384196342643614,0.03162277660168379,0.029427271762092817,0.4771746349778322,0.6271024952533771,171548,54,0.01
H,conservative,mass,0.03162277660168379,0.03651741272548377,0.03398208328942559,0.608623700379952,0.799852744051122,171548,54,0.01
H,conservative,mass,0.03651741272548377,0.042169650342858224,0.03924189758484536,0.7190733213993387,0.9450055410858282,171548,54,0.01
H,conservative,mass,0.042169650342858224,0.04869675251658631,0.04531583637600818,0.7609196879132694,1.0,171548,54,0.01
H,conservative,mass,0.04869675251658631,0.05623413251903491,0.05232991146814947,0.7161480340568772,0.9411611309740545,171548,54,0.01
H,conservative,mass,0.05623413251903491,0.06493816315762113,0.060429639023813285,0.5690090770034241,0.7477912400503961,171548,54,0.01
H,conservative,mass,0.06493816315762113,0.07498942093324558,0.06978305848598663,0.3998789830610784,0.5255206159242618,171548,54,0.01
H,conservative,mass,0.07498942093324558,0.08659643233600653,0.08058421877614817,0.2607715615991963,0.3427057621735756,171548,54,0.01
H,conservative,mass,0.08659643233600653,0.1,0.09305720409296989,0.18371677003841055,0.24144042131730312,171548,54,0.01
H,conservative,mass,0.1,0.11547819846894582,0.10746078283213176,0.16133743946841536,0.2120295243126957,171548,54,0.01
H,conservative,mass,0.11547819846894582,0.1333521432163324,0.12409377607517195,0.17232317156422,0.2264669639930011,171548,54,0.01
H,conservative,mass,0.1333521432163324,0.1539926526059492,0.14330125702369628,0.18404092129544228,0.24186642062075217,171548,54,0.01
H,conservative,mass,0.1539926526059492,0.1778279410038923,0.16548170999431816,0.1765444077886293,0.2320145090118263,171548,54,0.01
H,conservative,mass,0.1778279410038923,0.2053525026457146,0.19109529749704407,0.1787409026869276,0.2349011407197296,171548,54,0.01
H,conservative,mass,0.2053525026457146,0.23713737056616552,0.220673406908459,0.16212101937873274,0.21305930435750733,171548,54,0.01
H,conservative,mass,0.23713737056616552,0.27384196342643613,0.25482967479793467,0.05353298062951596,0.07035299714260741,171548,54,0.01
H,conservative,mass,0.27384196342643613,0.31622776601683794,0.2942727176209282,0.0,0.0,171548,54,0.01
H,conservative,mass,0.31622776601683794,0.3651741272548377,0.33982083289425596,0.0,0.0,171548,54,0.01
H,conservative,mass,0.3651741272548377,0.4216965034285822,0.3924189758484536,0.0,0.0,171548,54,0.01
H,conservative,mass,0.4216965034285822,0.4869675251658631,0.4531583637600818,0.0,0.0,171548,54,0.01
H,conservative,mass,0.4869675251658631,0.5623413251903491,0.5232991146814947,0.0,0.0,171548,54,0.01
H,conservative,mass,0.5623413251903491,0.6493816315762113,0.6042963902381329,0.0,0.0,171548,54,0.01
H,conservative,mass,0.6493816315762113,0.7498942093324559,0.6978305848598664,0.0,0.0,171548,54,0.01
H,conservative,mass,0.7498942093324559,0.8659643233600653,0.8058421877614819,0.0,0.0,171548,54,0.01
H,conservative,mass,0.8659643233600653,1.0,0.930572040929699,0.0,0.0,171548,54,0.01
H,moderate,mass,0.01,0.011547819846894581,0.010746078283213174,0.02606886639435411,0.03463223589114423,171548,112,0.01
H,moderate,mass,0.011547819846894581,0.01333521432163324,0.012409377607517195,0.06189702065049352,0.08222959094957717,171548,112,0.01
H,moderate,mass,0.01333521432163324,0.01539926526059492,0.014330125702369627,0.08475651414125171,0.11259820609946615,171548,112,0.01
H,moderate,mass,0.01539926526059492,0.01778279410038923,0.016548170999431816,0.12025373153638325,0.15975591475125744,171548,112,0.01
H,moderate,mass,0.01778279410038923,0.02053525026457146,0.019109529749704406,0.16350865133988404,0.21721965572972207,171548,112,0.01
H,moderate,mass,0.02053525026457146,0.023713737056616554,0.0220673406908459,0.23169965632957482,0.3078107437629413,171548,112,0.01
H,moderate,mass,0.023713737056616554,0.027384196342643614,0.025482967479793464,0.3233728916489355,0.4295977467901259,171548,112,0.01
H,moderate,mass,0.027384196342643614,0.03162277660168379,0.029427271762092817,0.4297423897683165,0.5709085922548467,171548,112,0.01
H,moderate,mass,0.03162277660168379,0.03651741272548377,0.03398208328942559,0.5503642812433021,0.7311536039099152,171548,112,0.01
H,moderate,mass,0.03651741272548377,0.042169650342858224,0.03924189758484536,0.675412591453783,0.8972790698770997,171548,112,0.01
H,moderate,mass,0.042169650342858224,0.04869675251658631,0.04531583637600818,0.7523985525001018,0.9995541716375657,171548,112,0.01
H,moderate,mass,0.04869675251658631,0.05623413251903491,0.05232991146814947,0.7527341427303037,1.0,171548,112,0.01
H,moderate,mass,0.05623413251903491,0.06493816315762113,0.060429639023813285,0.6468937852436619,0.8593921127282209,171548,112,0.01
H,moderate,mass,0.06493816315762113,0.07498942093324558,0.06978305848598663,0.4635483140122125,0.6158194343767089,171548,112,0.01
H,moderate,mass,0.07498942093324558,0.08659643233600653,0.08058421877614817,0.30784161241584773,0.40896459312879074,171548,112,0.01
H,moderate,mass,0.08659643233600653,0.1,0.09305720409296989,0.2005063507479659,0.2663707401668973,171548,112,0.01
H,moderate,mass,0.1,0.11547819846894582,0.10746078283213176,0.17057022040347009,0.2266008816669068,171548,112,0.01
H,moderate,mass,0.11547819846894582,0.1333521432163324,0.12409377607517195,0.16437689629080368,0.21837311071685783,171548,112,0.01
H,moderate,mass,0.1333521432163324,0.1539926526059492,0.14330125702369628,0.1754948731028472,0.2331432349624734,171548,112,0.01
H,moderate,mass,0.1539926526059492,0.1778279410038923,0.16548170999431816,0.17441391582194965,0.23170719371027684,171548,112,0.01
H,moderate,mass,0.1778279410038923,0.2053525026457146,0.19109529749704407,0.16188486938683144,0.215062477171084,171548,112,0.01
H,moderate,mass,0.2053525026457146,0.23713737056616552,0.220673406908459,0.17708073106332292,0.23525003186519333,171548,112,0.01
H,moderate,mass,0.23713737056616552,0.27384196342643613,0.25482967479793467,0.12493014249228007,0.1659684813008956,171548,112,0.01
H,moderate,mass,0.27384196342643613,0.31622776601683794,0.2942727176209282,0.008960709734152344,0.011904215878464366,171548,112,0.01
H,moderate,mass,0.31622776601683794,0.3651741272548377,0.33982083289425596,0.0,0.0,171548,112,0.01
H,moderate,mass,0.3651741272548377,0.4216965034285822,0.3924189758484536,0.0,0.0,171548,112,0.01
H,moderate,mass,0.4216965034285822,0.4869675251658631,0.4531583637600818,0.0,0.0,171548,112,0.01
H,moderate,mass,0.4869675251658631,0.5623413251903491,0.5232991146814947,0.0,0.0,171548,112,0.01
H,moderate,mass,0.5623413251903491,0.6493816315762113,0.6042963902381329,0.0,0.0,171548,112,0.01
H,moderate,mass,0.6493816315762113,0.7498942093324559,0.6978305848598664,0.0,0.0,171548,112,0.01
H,moderate,mass,0.7498942093324559,0.8659643233600653,0.8058421877614819,0.0,0.0,171548,112,0.01
H,moderate,mass,0.8659643233600653,1.0,0.930572040929699,0.0,0.0,171548,112,0.01
H,liberal,mass,0.01,0.011547819846894581,0.010746078283213174,0.003120442296906088,0.004211993364795937,171548,616,0.01
H,liberal,mass,0.011547819846894581,0.01333521432163324,0.012409377607517195,0.03291236323811175,0.04442532256280735,171548,616,0.01
H,liberal,mass,0.01333521432163324,0.01539926526059492,0.014330125702369627,0.06415530281334136,0.08659724617698979,171548,616,0.01
H,liberal,mass,0.01539926526059492,0.01778279410038923,0.016548170999431816,0.08890019447128188,0.11999806233025721,171548,616,0.01
H,liberal,mass,0.01778279410038923,0.02053525026457146,0.019109529749704406,0.12294210618310754,0.16594805679012722,171548,616,0.01
H,liberal,mass,0.02053525026457146,0.023713737056616554,0.0220673406908459,0.16727478991452563,0.2257886024414508,171548,616,0.01
H,liberal,mass,0.023713737056616554,0.027384196342643614,0.025482967479793464,0.23295692105904964,0.3144467714582893,171548,616,0.01
H,liberal,mass,0.027384196342643614,0.03162277660168379,0.029427271762092817,0.32360745756284737,0.43680745688027617,171548,616,0.01
H,liberal,mass,0.03162277660168379,0.03651741272548377,0.03398208328942559,0.42628710378883994,0.5754051130626333,171548,616,0.01
H,liberal,mass,0.03651741272548377,0.042169650342858224,0.03924189758484536,0.5372066658199232,0.725125061341829,171548,616,0.01
H,liberal,mass,0.042169650342858224,0.04869675251658631,0.04531583637600818,0.6606230938159691,0.8917133608087252,171548,616,0.01
H,liberal,mass,0.04869675251658631,0.05623413251903491,0.05232991146814947,0.7384425014604601,0.996754504808066,171548,616,0.01
H,liberal,mass,0.05623413251903491,0.06493816315762113,0.060429639023813285,0.7408469165661346,1.0,171548,616,0.01
H,liberal,mass,0.06493816315762113,0.07498942093324558,0.06978305848598663,0.6520563454796677,0.8801499080295617,171548,616,0.01
H,liberal,mass,0.07498942093324558,0.08659643233600653,0.08058421877614817,0.46428083680388316,0.6266893016925141,171548,616,0.01
H,liberal,mass,0.08659643233600653,0.1,0.09305720409296989,0.2957570768883561,0.3992148313975661,171548,616,0.01
H,liberal,mass,0.1,0.11547819846894582,0.10746078283213176,0.20561378009589285,0.2775388214463034,171548,616,0.01
H,liberal,mass,0.11547819846894582,0.1333521432163324,0.12409377607517195,0.1674276999934022,0.22599500146324242,171548,616,0.01
H,liberal,mass,0.1333521432163324,0.1539926526059492,0.14330125702369628,0.16053912064444867,0.21669675212870718,171548,616,0.01
H,liberal,mass,0.1539926526059492,0.1778279410038923,0.16548170999431816,0.16226903528767764,0.21903180219714402,171548,616,0.01
H,liberal,mass,0.1778279410038923,0.2053525026457146,0.19109529749704407,0.1597355234107213,0.21561205134132713,171548,616,0.01
H,liberal,mass,0.2053525026457146,0.23713737056616552,0.220673406908459,0.14725506163487492,0.19876584263508862,171548,616,0.01
H,liberal,mass,0.23713737056616552,0.27384196342643613,0.25482967479793467,0.1454921308447533,0.19638622715623516,171548,616,0.01
H,liberal,mass,0.27384196342643613,0.31622776601683794,0.2942727176209282,0.13665652038779744,0.1844598625330153,171548,616,0.01
H,liberal,mass,0.31622776601683794,0.3651741272548377,0.33982083289425596,0.10902707991790112,0.14716546357950375,171548,616,0.01
H,liberal,mass,0.3651741272548377,0.4216965034285822,0.3924189758484536,0.003325640072155046,0.004488970660186544,171548,616,0.01
H,liberal,mass,0.4216965034285822,0.4869675251658631,0.4531583637600818,0.0,0.0,171548,616,0.01
H,liberal,mass,0.4869675251658631,0.5623413251903491,0.5232991146814947,0.0,0.0,171548,616,0.01
H,liberal,mass,0.5623413251903491,0.6493816315762113,0.6042963902381329,0.0,0.0,171548,616,0.01
H,liberal,mass,0.6493816315762113,0.7498942093324559,0.6978305848598664,0.0,0.0,171548,616,0.01
H,liberal,mass,0.7498942093324559,0.8659643233600653,0.8058421877614819,0.0,0.0,171548,616,0.01
H,liberal,mass,0.8659643233600653,1.0,0.930572040929699,0.0,0.0,171548,616,0.01
